ISO-10303-21;
HEADER;
/* Generated by software containing ST-Developer
 * from STEP Tools, Inc. (www.steptools.com) 
 */

FILE_DESCRIPTION(
/* description */ (''),
/* implementation_level */ '2;1');

FILE_NAME(
/* name */ '35mm shaft motor adaptor.step',
/* time_stamp */ '2026-08-04T21:30:16+01:00',
/* author */ (''),
/* organization */ (''),
/* preprocessor_version */ 'ST-DEVELOPER v20.1',
/* originating_system */ 'Autodesk Translation Framework v15.8.0.0',
/* authorisation */ '');

FILE_SCHEMA (('AUTOMOTIVE_DESIGN { 1 0 10303 214 3 1 1 }'));
ENDSEC;

DATA;
#10=MECHANICAL_DESIGN_GEOMETRIC_PRESENTATION_REPRESENTATION('',(#13),#2563);
#11=SHAPE_REPRESENTATION_RELATIONSHIP('SRR','None',#2570,#12);
#12=ADVANCED_BREP_SHAPE_REPRESENTATION('',(#14),#2562);
#13=STYLED_ITEM('',(#2580),#14);
#14=MANIFOLD_SOLID_BREP('Body1',#1448);
#15=CONICAL_SURFACE('',#1525,2.,0.785398163397134);
#16=CONICAL_SURFACE('',#1527,1.40000000000001,0.785398163398474);
#17=CONICAL_SURFACE('',#1543,0.900000000000012,0.785398163397961);
#18=CONICAL_SURFACE('',#1547,2.99999999999999,0.785398163396443);
#19=CONICAL_SURFACE('',#1552,2.59999999999998,0.785398163399126);
#20=CONICAL_SURFACE('',#1590,2.,0.785398163397134);
#21=CONICAL_SURFACE('',#1592,1.40000000000001,0.785398163398474);
#22=CONICAL_SURFACE('',#1605,0.900000000000012,0.785398163397961);
#23=CONICAL_SURFACE('',#1608,2.99999999999999,0.785398163396443);
#24=CONICAL_SURFACE('',#1612,2.59999999999998,0.785398163399126);
#25=B_SPLINE_CURVE_WITH_KNOTS('',3,(#2212,#2213,#2214,#2215,#2216,#2217,
#2218,#2219,#2220,#2221,#2222,#2223),.UNSPECIFIED.,.F.,.F.,(4,2,2,2,2,4),
(-0.383858874944898,-0.308671017293045,-0.231185625835764,-0.154226184665858,
-0.0928221378413997,-9.99999872232403E-7),.UNSPECIFIED.);
#26=B_SPLINE_CURVE_WITH_KNOTS('',3,(#2225,#2226,#2227,#2228,#2229,#2230),
 .UNSPECIFIED.,.F.,.F.,(4,1,1,4),(0.659601421334445,0.668137402971062,0.787681441591106,
0.960159248826063),.UNSPECIFIED.);
#27=B_SPLINE_CURVE_WITH_KNOTS('',3,(#2232,#2233,#2234,#2235,#2236,#2237,
#2238,#2239),.UNSPECIFIED.,.F.,.F.,(4,2,2,4),(-0.00577524629555724,0.,0.0708161453804651,
0.144097726218742),.UNSPECIFIED.);
#28=B_SPLINE_CURVE_WITH_KNOTS('',3,(#2422,#2423,#2424,#2425,#2426,#2427,
#2428,#2429,#2430,#2431,#2432,#2433),.UNSPECIFIED.,.F.,.F.,(4,2,2,2,2,4),
(0.,0.0533349116069096,0.108299591187785,0.162891185101167,0.206448476290992,
0.272291650134631),.UNSPECIFIED.);
#29=B_SPLINE_CURVE_WITH_KNOTS('',3,(#2437,#2438,#2439,#2440,#2441,#2442,
#2443,#2444),.UNSPECIFIED.,.F.,.F.,(4,2,2,4),(-0.0057752463083368,0.,0.0708163740112028,
0.144097715198906),.UNSPECIFIED.);
#30=B_SPLINE_CURVE_WITH_KNOTS('',3,(#2445,#2446,#2447,#2448,#2449,#2450),
 .UNSPECIFIED.,.F.,.F.,(4,1,1,4),(0.659601421334389,0.668137402971062,0.787681441591106,
0.960159248826051),.UNSPECIFIED.);
#31=B_SPLINE_SURFACE_WITH_KNOTS('',3,3,((#2180,#2181,#2182,#2183,#2184,
#2185),(#2186,#2187,#2188,#2189,#2190,#2191),(#2192,#2193,#2194,#2195,#2196,
#2197),(#2198,#2199,#2200,#2201,#2202,#2203),(#2204,#2205,#2206,#2207,#2208,
#2209)),.UNSPECIFIED.,.F.,.F.,.F.,(4,1,4),(4,1,1,4),(-0.000155202407481134,
0.571428571428571,1.),(0.608358277874673,0.668137402971062,0.787681441591106,
1.02679471182561),.UNSPECIFIED.);
#32=B_SPLINE_SURFACE_WITH_KNOTS('',3,3,((#2390,#2391,#2392,#2393,#2394,
#2395),(#2396,#2397,#2398,#2399,#2400,#2401),(#2402,#2403,#2404,#2405,#2406,
#2407),(#2408,#2409,#2410,#2411,#2412,#2413),(#2414,#2415,#2416,#2417,#2418,
#2419)),.UNSPECIFIED.,.F.,.F.,.F.,(4,1,4),(4,1,1,4),(-0.000155202398281894,
0.571428571428571,1.),(0.608358277875706,0.668137402971062,0.787681441591106,
1.02679471182555),.UNSPECIFIED.);
#33=LINE('',#2072,#153);
#34=LINE('',#2075,#154);
#35=LINE('',#2078,#155);
#36=LINE('',#2080,#156);
#37=LINE('',#2081,#157);
#38=LINE('',#2087,#158);
#39=LINE('',#2090,#159);
#40=LINE('',#2092,#160);
#41=LINE('',#2093,#161);
#42=LINE('',#2099,#162);
#43=LINE('',#2102,#163);
#44=LINE('',#2104,#164);
#45=LINE('',#2105,#165);
#46=LINE('',#2111,#166);
#47=LINE('',#2114,#167);
#48=LINE('',#2116,#168);
#49=LINE('',#2117,#169);
#50=LINE('',#2123,#170);
#51=LINE('',#2126,#171);
#52=LINE('',#2128,#172);
#53=LINE('',#2129,#173);
#54=LINE('',#2135,#174);
#55=LINE('',#2141,#175);
#56=LINE('',#2144,#176);
#57=LINE('',#2145,#177);
#58=LINE('',#2158,#178);
#59=LINE('',#2162,#179);
#60=LINE('',#2167,#180);
#61=LINE('',#2171,#181);
#62=LINE('',#2174,#182);
#63=LINE('',#2177,#183);
#64=LINE('',#2179,#184);
#65=LINE('',#2240,#185);
#66=LINE('',#2243,#186);
#67=LINE('',#2245,#187);
#68=LINE('',#2246,#188);
#69=LINE('',#2251,#189);
#70=LINE('',#2257,#190);
#71=LINE('',#2263,#191);
#72=LINE('',#2265,#192);
#73=LINE('',#2267,#193);
#74=LINE('',#2269,#194);
#75=LINE('',#2271,#195);
#76=LINE('',#2272,#196);
#77=LINE('',#2275,#197);
#78=LINE('',#2277,#198);
#79=LINE('',#2278,#199);
#80=LINE('',#2281,#200);
#81=LINE('',#2286,#201);
#82=LINE('',#2290,#202);
#83=LINE('',#2293,#203);
#84=LINE('',#2294,#204);
#85=LINE('',#2296,#205);
#86=LINE('',#2298,#206);
#87=LINE('',#2307,#207);
#88=LINE('',#2310,#208);
#89=LINE('',#2314,#209);
#90=LINE('',#2316,#210);
#91=LINE('',#2317,#211);
#92=LINE('',#2320,#212);
#93=LINE('',#2321,#213);
#94=LINE('',#2324,#214);
#95=LINE('',#2325,#215);
#96=LINE('',#2329,#216);
#97=LINE('',#2333,#217);
#98=LINE('',#2336,#218);
#99=LINE('',#2337,#219);
#100=LINE('',#2342,#220);
#101=LINE('',#2344,#221);
#102=LINE('',#2345,#222);
#103=LINE('',#2348,#223);
#104=LINE('',#2349,#224);
#105=LINE('',#2357,#225);
#106=LINE('',#2361,#226);
#107=LINE('',#2366,#227);
#108=LINE('',#2370,#228);
#109=LINE('',#2374,#229);
#110=LINE('',#2378,#230);
#111=LINE('',#2379,#231);
#112=LINE('',#2387,#232);
#113=LINE('',#2389,#233);
#114=LINE('',#2435,#234);
#115=LINE('',#2453,#235);
#116=LINE('',#2455,#236);
#117=LINE('',#2456,#237);
#118=LINE('',#2460,#238);
#119=LINE('',#2465,#239);
#120=LINE('',#2470,#240);
#121=LINE('',#2472,#241);
#122=LINE('',#2474,#242);
#123=LINE('',#2476,#243);
#124=LINE('',#2484,#244);
#125=LINE('',#2490,#245);
#126=LINE('',#2491,#246);
#127=LINE('',#2494,#247);
#128=LINE('',#2496,#248);
#129=LINE('',#2497,#249);
#130=LINE('',#2499,#250);
#131=LINE('',#2502,#251);
#132=LINE('',#2503,#252);
#133=LINE('',#2507,#253);
#134=LINE('',#2510,#254);
#135=LINE('',#2513,#255);
#136=LINE('',#2515,#256);
#137=LINE('',#2517,#257);
#138=LINE('',#2519,#258);
#139=LINE('',#2526,#259);
#140=LINE('',#2528,#260);
#141=LINE('',#2531,#261);
#142=LINE('',#2532,#262);
#143=LINE('',#2535,#263);
#144=LINE('',#2536,#264);
#145=LINE('',#2538,#265);
#146=LINE('',#2542,#266);
#147=LINE('',#2544,#267);
#148=LINE('',#2546,#268);
#149=LINE('',#2547,#269);
#150=LINE('',#2552,#270);
#151=LINE('',#2553,#271);
#152=LINE('',#2555,#272);
#153=VECTOR('',#1646,10.);
#154=VECTOR('',#1649,10.);
#155=VECTOR('',#1652,10.);
#156=VECTOR('',#1653,10.);
#157=VECTOR('',#1654,10.);
#158=VECTOR('',#1661,10.);
#159=VECTOR('',#1664,10.);
#160=VECTOR('',#1665,10.);
#161=VECTOR('',#1666,10.);
#162=VECTOR('',#1673,10.);
#163=VECTOR('',#1676,10.);
#164=VECTOR('',#1677,10.);
#165=VECTOR('',#1678,10.);
#166=VECTOR('',#1685,10.);
#167=VECTOR('',#1688,10.);
#168=VECTOR('',#1689,10.);
#169=VECTOR('',#1690,10.);
#170=VECTOR('',#1697,10.);
#171=VECTOR('',#1700,10.);
#172=VECTOR('',#1701,10.);
#173=VECTOR('',#1702,10.);
#174=VECTOR('',#1709,10.);
#175=VECTOR('',#1714,10.);
#176=VECTOR('',#1717,10.);
#177=VECTOR('',#1718,10.);
#178=VECTOR('',#1731,3.24999999999999);
#179=VECTOR('',#1736,3.25000000000003);
#180=VECTOR('',#1741,10.);
#181=VECTOR('',#1744,10.);
#182=VECTOR('',#1747,12.5);
#183=VECTOR('',#1752,1.65000000000003);
#184=VECTOR('',#1755,1.65000000000003);
#185=VECTOR('',#1756,10.);
#186=VECTOR('',#1759,10.);
#187=VECTOR('',#1760,10.);
#188=VECTOR('',#1761,10.);
#189=VECTOR('',#1766,1.64999999999999);
#190=VECTOR('',#1773,3.24999999999999);
#191=VECTOR('',#1780,10.);
#192=VECTOR('',#1781,10.);
#193=VECTOR('',#1782,10.);
#194=VECTOR('',#1783,10.);
#195=VECTOR('',#1784,10.);
#196=VECTOR('',#1785,10.);
#197=VECTOR('',#1788,10.);
#198=VECTOR('',#1789,10.);
#199=VECTOR('',#1790,10.);
#200=VECTOR('',#1793,10.);
#201=VECTOR('',#1798,10.);
#202=VECTOR('',#1801,10.);
#203=VECTOR('',#1806,10.);
#204=VECTOR('',#1807,10.);
#205=VECTOR('',#1810,10.);
#206=VECTOR('',#1813,10.);
#207=VECTOR('',#1824,1.64999999999999);
#208=VECTOR('',#1827,3.24999999999999);
#209=VECTOR('',#1832,10.);
#210=VECTOR('',#1833,10.);
#211=VECTOR('',#1834,10.);
#212=VECTOR('',#1837,10.);
#213=VECTOR('',#1838,10.);
#214=VECTOR('',#1841,10.);
#215=VECTOR('',#1842,10.);
#216=VECTOR('',#1845,10.);
#217=VECTOR('',#1848,10.);
#218=VECTOR('',#1853,10.);
#219=VECTOR('',#1854,10.);
#220=VECTOR('',#1863,10.);
#221=VECTOR('',#1864,10.);
#222=VECTOR('',#1865,10.);
#223=VECTOR('',#1868,10.);
#224=VECTOR('',#1869,10.);
#225=VECTOR('',#1882,3.24999999999999);
#226=VECTOR('',#1887,3.25000000000003);
#227=VECTOR('',#1894,10.);
#228=VECTOR('',#1897,10.);
#229=VECTOR('',#1900,10.);
#230=VECTOR('',#1903,10.);
#231=VECTOR('',#1904,10.);
#232=VECTOR('',#1913,1.65000000000003);
#233=VECTOR('',#1916,1.65000000000003);
#234=VECTOR('',#1917,10.);
#235=VECTOR('',#1920,10.);
#236=VECTOR('',#1921,10.);
#237=VECTOR('',#1922,10.);
#238=VECTOR('',#1927,1.64999999999999);
#239=VECTOR('',#1932,3.24999999999999);
#240=VECTOR('',#1939,10.);
#241=VECTOR('',#1940,10.);
#242=VECTOR('',#1941,10.);
#243=VECTOR('',#1944,10.);
#244=VECTOR('',#1953,1.65000000000003);
#245=VECTOR('',#1960,10.);
#246=VECTOR('',#1961,10.);
#247=VECTOR('',#1964,10.);
#248=VECTOR('',#1965,10.);
#249=VECTOR('',#1966,10.);
#250=VECTOR('',#1969,3.24999999999999);
#251=VECTOR('',#1972,10.);
#252=VECTOR('',#1973,10.);
#253=VECTOR('',#1978,10.);
#254=VECTOR('',#1981,10.);
#255=VECTOR('',#1984,10.);
#256=VECTOR('',#1987,10.);
#257=VECTOR('',#1990,10.);
#258=VECTOR('',#1993,10.);
#259=VECTOR('',#2002,1.64999999999999);
#260=VECTOR('',#2005,3.24999999999999);
#261=VECTOR('',#2008,10.);
#262=VECTOR('',#2009,10.);
#263=VECTOR('',#2012,10.);
#264=VECTOR('',#2013,10.);
#265=VECTOR('',#2016,10.);
#266=VECTOR('',#2021,10.);
#267=VECTOR('',#2024,10.);
#268=VECTOR('',#2025,10.);
#269=VECTOR('',#2026,10.);
#270=VECTOR('',#2033,10.);
#271=VECTOR('',#2034,10.);
#272=VECTOR('',#2037,10.);
#273=CYLINDRICAL_SURFACE('',#1474,1.49999999999771);
#274=CYLINDRICAL_SURFACE('',#1478,1.49999999999579);
#275=CYLINDRICAL_SURFACE('',#1482,1.49999999999771);
#276=CYLINDRICAL_SURFACE('',#1486,1.49999999999579);
#277=CYLINDRICAL_SURFACE('',#1490,1.49999999999771);
#278=CYLINDRICAL_SURFACE('',#1494,1.49999999999579);
#279=CYLINDRICAL_SURFACE('',#1505,3.24999999999999);
#280=CYLINDRICAL_SURFACE('',#1507,3.25000000000003);
#281=CYLINDRICAL_SURFACE('',#1509,12.5);
#282=CYLINDRICAL_SURFACE('',#1513,1.65000000000003);
#283=CYLINDRICAL_SURFACE('',#1514,1.65000000000003);
#284=CYLINDRICAL_SURFACE('',#1516,1.64999999999999);
#285=CYLINDRICAL_SURFACE('',#1519,3.24999999999999);
#286=CYLINDRICAL_SURFACE('',#1532,2.);
#287=CYLINDRICAL_SURFACE('',#1536,1.64999999999999);
#288=CYLINDRICAL_SURFACE('',#1538,3.24999999999999);
#289=CYLINDRICAL_SURFACE('',#1546,1.5);
#290=CYLINDRICAL_SURFACE('',#1555,2.);
#291=CYLINDRICAL_SURFACE('',#1556,3.24999999999999);
#292=CYLINDRICAL_SURFACE('',#1558,3.25000000000003);
#293=CYLINDRICAL_SURFACE('',#1560,12.5);
#294=CYLINDRICAL_SURFACE('',#1569,1.65000000000003);
#295=CYLINDRICAL_SURFACE('',#1570,1.65000000000003);
#296=CYLINDRICAL_SURFACE('',#1572,1.64999999999999);
#297=CYLINDRICAL_SURFACE('',#1574,3.24999999999999);
#298=CYLINDRICAL_SURFACE('',#1582,1.65000000000003);
#299=CYLINDRICAL_SURFACE('',#1588,3.24999999999999);
#300=CYLINDRICAL_SURFACE('',#1596,2.);
#301=CYLINDRICAL_SURFACE('',#1600,1.64999999999999);
#302=CYLINDRICAL_SURFACE('',#1601,3.24999999999999);
#303=CYLINDRICAL_SURFACE('',#1607,1.5);
#304=CYLINDRICAL_SURFACE('',#1614,2.);
#305=FACE_BOUND('',#418,.T.);
#306=FACE_BOUND('',#420,.T.);
#307=FACE_BOUND('',#422,.T.);
#308=FACE_BOUND('',#424,.T.);
#309=FACE_BOUND('',#437,.T.);
#310=FACE_BOUND('',#438,.T.);
#311=FACE_BOUND('',#439,.T.);
#312=FACE_BOUND('',#440,.T.);
#313=FACE_BOUND('',#441,.T.);
#314=FACE_BOUND('',#452,.T.);
#315=FACE_BOUND('',#461,.T.);
#316=FACE_BOUND('',#478,.T.);
#317=FACE_BOUND('',#479,.T.);
#318=FACE_BOUND('',#480,.T.);
#319=FACE_BOUND('',#481,.T.);
#320=FACE_BOUND('',#482,.T.);
#321=FACE_BOUND('',#483,.T.);
#322=FACE_BOUND('',#484,.T.);
#323=FACE_BOUND('',#485,.T.);
#324=FACE_BOUND('',#486,.T.);
#325=FACE_BOUND('',#487,.T.);
#326=FACE_BOUND('',#495,.T.);
#327=FACE_BOUND('',#497,.T.);
#328=FACE_BOUND('',#498,.T.);
#329=FACE_BOUND('',#499,.T.);
#330=FACE_BOUND('',#500,.T.);
#331=FACE_BOUND('',#501,.T.);
#332=FACE_BOUND('',#504,.T.);
#333=FACE_BOUND('',#515,.T.);
#334=FACE_OUTER_BOUND('',#417,.T.);
#335=FACE_OUTER_BOUND('',#419,.T.);
#336=FACE_OUTER_BOUND('',#421,.T.);
#337=FACE_OUTER_BOUND('',#423,.T.);
#338=FACE_OUTER_BOUND('',#425,.T.);
#339=FACE_OUTER_BOUND('',#426,.T.);
#340=FACE_OUTER_BOUND('',#427,.T.);
#341=FACE_OUTER_BOUND('',#428,.T.);
#342=FACE_OUTER_BOUND('',#429,.T.);
#343=FACE_OUTER_BOUND('',#430,.T.);
#344=FACE_OUTER_BOUND('',#431,.T.);
#345=FACE_OUTER_BOUND('',#432,.T.);
#346=FACE_OUTER_BOUND('',#433,.T.);
#347=FACE_OUTER_BOUND('',#434,.T.);
#348=FACE_OUTER_BOUND('',#435,.T.);
#349=FACE_OUTER_BOUND('',#436,.T.);
#350=FACE_OUTER_BOUND('',#442,.T.);
#351=FACE_OUTER_BOUND('',#443,.T.);
#352=FACE_OUTER_BOUND('',#444,.T.);
#353=FACE_OUTER_BOUND('',#445,.T.);
#354=FACE_OUTER_BOUND('',#446,.T.);
#355=FACE_OUTER_BOUND('',#447,.T.);
#356=FACE_OUTER_BOUND('',#448,.T.);
#357=FACE_OUTER_BOUND('',#449,.T.);
#358=FACE_OUTER_BOUND('',#450,.T.);
#359=FACE_OUTER_BOUND('',#451,.T.);
#360=FACE_OUTER_BOUND('',#453,.T.);
#361=FACE_OUTER_BOUND('',#454,.T.);
#362=FACE_OUTER_BOUND('',#455,.T.);
#363=FACE_OUTER_BOUND('',#456,.T.);
#364=FACE_OUTER_BOUND('',#457,.T.);
#365=FACE_OUTER_BOUND('',#458,.T.);
#366=FACE_OUTER_BOUND('',#459,.T.);
#367=FACE_OUTER_BOUND('',#460,.T.);
#368=FACE_OUTER_BOUND('',#462,.T.);
#369=FACE_OUTER_BOUND('',#463,.T.);
#370=FACE_OUTER_BOUND('',#464,.T.);
#371=FACE_OUTER_BOUND('',#465,.T.);
#372=FACE_OUTER_BOUND('',#466,.T.);
#373=FACE_OUTER_BOUND('',#467,.T.);
#374=FACE_OUTER_BOUND('',#468,.T.);
#375=FACE_OUTER_BOUND('',#469,.T.);
#376=FACE_OUTER_BOUND('',#470,.T.);
#377=FACE_OUTER_BOUND('',#471,.T.);
#378=FACE_OUTER_BOUND('',#472,.T.);
#379=FACE_OUTER_BOUND('',#473,.T.);
#380=FACE_OUTER_BOUND('',#474,.T.);
#381=FACE_OUTER_BOUND('',#475,.T.);
#382=FACE_OUTER_BOUND('',#476,.T.);
#383=FACE_OUTER_BOUND('',#477,.T.);
#384=FACE_OUTER_BOUND('',#488,.T.);
#385=FACE_OUTER_BOUND('',#489,.T.);
#386=FACE_OUTER_BOUND('',#490,.T.);
#387=FACE_OUTER_BOUND('',#491,.T.);
#388=FACE_OUTER_BOUND('',#492,.T.);
#389=FACE_OUTER_BOUND('',#493,.T.);
#390=FACE_OUTER_BOUND('',#494,.T.);
#391=FACE_OUTER_BOUND('',#496,.T.);
#392=FACE_OUTER_BOUND('',#502,.T.);
#393=FACE_OUTER_BOUND('',#503,.T.);
#394=FACE_OUTER_BOUND('',#505,.T.);
#395=FACE_OUTER_BOUND('',#506,.T.);
#396=FACE_OUTER_BOUND('',#507,.T.);
#397=FACE_OUTER_BOUND('',#508,.T.);
#398=FACE_OUTER_BOUND('',#509,.T.);
#399=FACE_OUTER_BOUND('',#510,.T.);
#400=FACE_OUTER_BOUND('',#511,.T.);
#401=FACE_OUTER_BOUND('',#512,.T.);
#402=FACE_OUTER_BOUND('',#513,.T.);
#403=FACE_OUTER_BOUND('',#514,.T.);
#404=FACE_OUTER_BOUND('',#516,.T.);
#405=FACE_OUTER_BOUND('',#517,.T.);
#406=FACE_OUTER_BOUND('',#518,.T.);
#407=FACE_OUTER_BOUND('',#519,.T.);
#408=FACE_OUTER_BOUND('',#520,.T.);
#409=FACE_OUTER_BOUND('',#521,.T.);
#410=FACE_OUTER_BOUND('',#522,.T.);
#411=FACE_OUTER_BOUND('',#523,.T.);
#412=FACE_OUTER_BOUND('',#524,.T.);
#413=FACE_OUTER_BOUND('',#525,.T.);
#414=FACE_OUTER_BOUND('',#526,.T.);
#415=FACE_OUTER_BOUND('',#527,.T.);
#416=FACE_OUTER_BOUND('',#528,.T.);
#417=EDGE_LOOP('',(#928));
#418=EDGE_LOOP('',(#929));
#419=EDGE_LOOP('',(#930));
#420=EDGE_LOOP('',(#931));
#421=EDGE_LOOP('',(#932));
#422=EDGE_LOOP('',(#933));
#423=EDGE_LOOP('',(#934));
#424=EDGE_LOOP('',(#935));
#425=EDGE_LOOP('',(#936,#937,#938,#939));
#426=EDGE_LOOP('',(#940,#941,#942,#943));
#427=EDGE_LOOP('',(#944,#945,#946,#947));
#428=EDGE_LOOP('',(#948,#949,#950,#951));
#429=EDGE_LOOP('',(#952,#953,#954,#955));
#430=EDGE_LOOP('',(#956,#957,#958,#959));
#431=EDGE_LOOP('',(#960,#961,#962,#963));
#432=EDGE_LOOP('',(#964,#965,#966,#967));
#433=EDGE_LOOP('',(#968,#969,#970,#971));
#434=EDGE_LOOP('',(#972,#973,#974,#975));
#435=EDGE_LOOP('',(#976,#977,#978,#979));
#436=EDGE_LOOP('',(#980,#981,#982,#983,#984,#985,#986,#987,#988,#989,#990,
#991,#992,#993,#994,#995));
#437=EDGE_LOOP('',(#996));
#438=EDGE_LOOP('',(#997));
#439=EDGE_LOOP('',(#998));
#440=EDGE_LOOP('',(#999));
#441=EDGE_LOOP('',(#1000));
#442=EDGE_LOOP('',(#1001,#1002,#1003,#1004));
#443=EDGE_LOOP('',(#1005,#1006,#1007,#1008));
#444=EDGE_LOOP('',(#1009,#1010,#1011,#1012,#1013,#1014,#1015,#1016));
#445=EDGE_LOOP('',(#1017,#1018,#1019,#1020));
#446=EDGE_LOOP('',(#1021,#1022,#1023,#1024));
#447=EDGE_LOOP('',(#1025,#1026,#1027,#1028));
#448=EDGE_LOOP('',(#1029,#1030,#1031,#1032));
#449=EDGE_LOOP('',(#1033,#1034,#1035,#1036));
#450=EDGE_LOOP('',(#1037,#1038,#1039,#1040));
#451=EDGE_LOOP('',(#1041));
#452=EDGE_LOOP('',(#1042));
#453=EDGE_LOOP('',(#1043,#1044,#1045,#1046,#1047,#1048));
#454=EDGE_LOOP('',(#1049,#1050,#1051,#1052));
#455=EDGE_LOOP('',(#1053,#1054,#1055));
#456=EDGE_LOOP('',(#1056,#1057,#1058,#1059));
#457=EDGE_LOOP('',(#1060,#1061,#1062,#1063));
#458=EDGE_LOOP('',(#1064,#1065,#1066,#1067));
#459=EDGE_LOOP('',(#1068,#1069,#1070,#1071));
#460=EDGE_LOOP('',(#1072));
#461=EDGE_LOOP('',(#1073));
#462=EDGE_LOOP('',(#1074,#1075,#1076,#1077));
#463=EDGE_LOOP('',(#1078,#1079,#1080,#1081));
#464=EDGE_LOOP('',(#1082,#1083,#1084,#1085));
#465=EDGE_LOOP('',(#1086,#1087,#1088,#1089));
#466=EDGE_LOOP('',(#1090,#1091,#1092,#1093));
#467=EDGE_LOOP('',(#1094,#1095,#1096,#1097));
#468=EDGE_LOOP('',(#1098,#1099,#1100,#1101));
#469=EDGE_LOOP('',(#1102,#1103,#1104,#1105));
#470=EDGE_LOOP('',(#1106,#1107,#1108,#1109,#1110,#1111,#1112,#1113));
#471=EDGE_LOOP('',(#1114,#1115,#1116,#1117));
#472=EDGE_LOOP('',(#1118,#1119,#1120,#1121));
#473=EDGE_LOOP('',(#1122,#1123,#1124,#1125));
#474=EDGE_LOOP('',(#1126,#1127,#1128,#1129));
#475=EDGE_LOOP('',(#1130,#1131,#1132,#1133));
#476=EDGE_LOOP('',(#1134,#1135,#1136,#1137,#1138));
#477=EDGE_LOOP('',(#1139,#1140,#1141,#1142,#1143,#1144,#1145,#1146,#1147,
#1148,#1149,#1150,#1151,#1152,#1153));
#478=EDGE_LOOP('',(#1154,#1155));
#479=EDGE_LOOP('',(#1156));
#480=EDGE_LOOP('',(#1157));
#481=EDGE_LOOP('',(#1158));
#482=EDGE_LOOP('',(#1159));
#483=EDGE_LOOP('',(#1160));
#484=EDGE_LOOP('',(#1161));
#485=EDGE_LOOP('',(#1162));
#486=EDGE_LOOP('',(#1163));
#487=EDGE_LOOP('',(#1164));
#488=EDGE_LOOP('',(#1165,#1166,#1167,#1168));
#489=EDGE_LOOP('',(#1169,#1170,#1171,#1172));
#490=EDGE_LOOP('',(#1173,#1174,#1175,#1176));
#491=EDGE_LOOP('',(#1177,#1178,#1179,#1180));
#492=EDGE_LOOP('',(#1181,#1182,#1183,#1184));
#493=EDGE_LOOP('',(#1185,#1186,#1187,#1188));
#494=EDGE_LOOP('',(#1189));
#495=EDGE_LOOP('',(#1190));
#496=EDGE_LOOP('',(#1191,#1192,#1193,#1194,#1195,#1196,#1197,#1198,#1199,
#1200,#1201,#1202,#1203,#1204,#1205,#1206,#1207,#1208,#1209,#1210,#1211,
#1212,#1213,#1214,#1215,#1216,#1217));
#497=EDGE_LOOP('',(#1218));
#498=EDGE_LOOP('',(#1219));
#499=EDGE_LOOP('',(#1220));
#500=EDGE_LOOP('',(#1221));
#501=EDGE_LOOP('',(#1222));
#502=EDGE_LOOP('',(#1223,#1224,#1225,#1226));
#503=EDGE_LOOP('',(#1227));
#504=EDGE_LOOP('',(#1228));
#505=EDGE_LOOP('',(#1229,#1230,#1231,#1232));
#506=EDGE_LOOP('',(#1233,#1234,#1235,#1236,#1237,#1238));
#507=EDGE_LOOP('',(#1239,#1240,#1241,#1242));
#508=EDGE_LOOP('',(#1243,#1244,#1245,#1246));
#509=EDGE_LOOP('',(#1247,#1248,#1249));
#510=EDGE_LOOP('',(#1250,#1251,#1252,#1253));
#511=EDGE_LOOP('',(#1254,#1255,#1256,#1257));
#512=EDGE_LOOP('',(#1258,#1259,#1260,#1261));
#513=EDGE_LOOP('',(#1262,#1263,#1264,#1265));
#514=EDGE_LOOP('',(#1266));
#515=EDGE_LOOP('',(#1267));
#516=EDGE_LOOP('',(#1268,#1269,#1270,#1271));
#517=EDGE_LOOP('',(#1272,#1273,#1274,#1275));
#518=EDGE_LOOP('',(#1276,#1277,#1278,#1279));
#519=EDGE_LOOP('',(#1280,#1281,#1282,#1283));
#520=EDGE_LOOP('',(#1284,#1285,#1286,#1287));
#521=EDGE_LOOP('',(#1288,#1289,#1290,#1291));
#522=EDGE_LOOP('',(#1292,#1293,#1294,#1295,#1296));
#523=EDGE_LOOP('',(#1297,#1298,#1299,#1300));
#524=EDGE_LOOP('',(#1301,#1302,#1303,#1304,#1305,#1306,#1307,#1308,#1309));
#525=EDGE_LOOP('',(#1310,#1311,#1312,#1313));
#526=EDGE_LOOP('',(#1314,#1315,#1316,#1317));
#527=EDGE_LOOP('',(#1318,#1319,#1320,#1321));
#528=EDGE_LOOP('',(#1322,#1323,#1324,#1325));
#529=CIRCLE('',#1463,3.25000000000003);
#530=CIRCLE('',#1464,1.65000000000003);
#531=CIRCLE('',#1466,3.24999999999999);
#532=CIRCLE('',#1467,1.65000000000003);
#533=CIRCLE('',#1469,3.25000000000003);
#534=CIRCLE('',#1470,1.65000000000003);
#535=CIRCLE('',#1472,3.24999999999999);
#536=CIRCLE('',#1473,1.65000000000003);
#537=CIRCLE('',#1475,1.49999999999771);
#538=CIRCLE('',#1476,1.49999999999771);
#539=CIRCLE('',#1479,1.49999999999579);
#540=CIRCLE('',#1480,1.49999999999579);
#541=CIRCLE('',#1483,1.49999999999771);
#542=CIRCLE('',#1484,1.49999999999771);
#543=CIRCLE('',#1487,1.49999999999579);
#544=CIRCLE('',#1488,1.49999999999579);
#545=CIRCLE('',#1491,1.49999999999771);
#546=CIRCLE('',#1492,1.49999999999771);
#547=CIRCLE('',#1495,1.49999999999579);
#548=CIRCLE('',#1496,1.49999999999579);
#549=CIRCLE('',#1498,1.49999999999579);
#550=CIRCLE('',#1499,1.49999999999771);
#551=CIRCLE('',#1500,1.65000000000003);
#552=CIRCLE('',#1501,1.65000000000003);
#553=CIRCLE('',#1502,1.65000000000003);
#554=CIRCLE('',#1503,12.5000000000006);
#555=CIRCLE('',#1504,1.65000000000003);
#556=CIRCLE('',#1506,3.24999999999999);
#557=CIRCLE('',#1508,3.25000000000003);
#558=CIRCLE('',#1510,12.5);
#559=CIRCLE('',#1511,12.5);
#560=CIRCLE('',#1512,12.5);
#561=CIRCLE('',#1517,1.64999999999999);
#562=CIRCLE('',#1518,1.64999999999999);
#563=CIRCLE('',#1520,3.24999999999999);
#564=CIRCLE('',#1521,3.24999999999999);
#565=CIRCLE('',#1526,2.);
#566=CIRCLE('',#1528,0.800000000000027);
#567=CIRCLE('',#1529,2.);
#568=CIRCLE('',#1534,3.24999999999999);
#569=CIRCLE('',#1535,1.64999999999999);
#570=CIRCLE('',#1537,1.64999999999999);
#571=CIRCLE('',#1539,3.24999999999999);
#572=CIRCLE('',#1544,0.300000000000024);
#573=CIRCLE('',#1545,1.5);
#574=CIRCLE('',#1548,3.99999999999998);
#575=CIRCLE('',#1549,2.);
#576=CIRCLE('',#1553,3.19999999999997);
#577=CIRCLE('',#1554,2.);
#578=CIRCLE('',#1557,3.24999999999999);
#579=CIRCLE('',#1559,3.25000000000003);
#580=CIRCLE('',#1561,12.5);
#581=CIRCLE('',#1563,0.300000000000023);
#582=CIRCLE('',#1564,3.19999999999997);
#583=CIRCLE('',#1565,0.800000000000027);
#584=CIRCLE('',#1566,1.65000000000003);
#585=CIRCLE('',#1567,1.64999999999999);
#586=CIRCLE('',#1568,1.64999999999999);
#587=CIRCLE('',#1573,1.64999999999999);
#588=CIRCLE('',#1575,3.24999999999999);
#589=CIRCLE('',#1576,3.24999999999999);
#590=CIRCLE('',#1579,3.99999999999998);
#591=CIRCLE('',#1580,3.24999999999999);
#592=CIRCLE('',#1581,3.24999999999999);
#593=CIRCLE('',#1583,1.65000000000003);
#594=CIRCLE('',#1585,3.24999999999999);
#595=CIRCLE('',#1591,2.);
#596=CIRCLE('',#1593,2.);
#597=CIRCLE('',#1598,3.24999999999999);
#598=CIRCLE('',#1599,1.64999999999999);
#599=CIRCLE('',#1606,1.5);
#600=CIRCLE('',#1609,2.);
#601=CIRCLE('',#1613,2.);
#602=VERTEX_POINT('',#2048);
#603=VERTEX_POINT('',#2050);
#604=VERTEX_POINT('',#2053);
#605=VERTEX_POINT('',#2055);
#606=VERTEX_POINT('',#2058);
#607=VERTEX_POINT('',#2060);
#608=VERTEX_POINT('',#2063);
#609=VERTEX_POINT('',#2065);
#610=VERTEX_POINT('',#2068);
#611=VERTEX_POINT('',#2069);
#612=VERTEX_POINT('',#2071);
#613=VERTEX_POINT('',#2073);
#614=VERTEX_POINT('',#2077);
#615=VERTEX_POINT('',#2079);
#616=VERTEX_POINT('',#2083);
#617=VERTEX_POINT('',#2085);
#618=VERTEX_POINT('',#2089);
#619=VERTEX_POINT('',#2091);
#620=VERTEX_POINT('',#2095);
#621=VERTEX_POINT('',#2097);
#622=VERTEX_POINT('',#2101);
#623=VERTEX_POINT('',#2103);
#624=VERTEX_POINT('',#2107);
#625=VERTEX_POINT('',#2109);
#626=VERTEX_POINT('',#2113);
#627=VERTEX_POINT('',#2115);
#628=VERTEX_POINT('',#2119);
#629=VERTEX_POINT('',#2121);
#630=VERTEX_POINT('',#2125);
#631=VERTEX_POINT('',#2127);
#632=VERTEX_POINT('',#2131);
#633=VERTEX_POINT('',#2133);
#634=VERTEX_POINT('',#2137);
#635=VERTEX_POINT('',#2138);
#636=VERTEX_POINT('',#2140);
#637=VERTEX_POINT('',#2142);
#638=VERTEX_POINT('',#2146);
#639=VERTEX_POINT('',#2148);
#640=VERTEX_POINT('',#2150);
#641=VERTEX_POINT('',#2152);
#642=VERTEX_POINT('',#2154);
#643=VERTEX_POINT('',#2157);
#644=VERTEX_POINT('',#2161);
#645=VERTEX_POINT('',#2165);
#646=VERTEX_POINT('',#2166);
#647=VERTEX_POINT('',#2168);
#648=VERTEX_POINT('',#2170);
#649=VERTEX_POINT('',#2172);
#650=VERTEX_POINT('',#2210);
#651=VERTEX_POINT('',#2211);
#652=VERTEX_POINT('',#2224);
#653=VERTEX_POINT('',#2231);
#654=VERTEX_POINT('',#2242);
#655=VERTEX_POINT('',#2244);
#656=VERTEX_POINT('',#2248);
#657=VERTEX_POINT('',#2250);
#658=VERTEX_POINT('',#2254);
#659=VERTEX_POINT('',#2256);
#660=VERTEX_POINT('',#2261);
#661=VERTEX_POINT('',#2262);
#662=VERTEX_POINT('',#2264);
#663=VERTEX_POINT('',#2266);
#664=VERTEX_POINT('',#2268);
#665=VERTEX_POINT('',#2270);
#666=VERTEX_POINT('',#2274);
#667=VERTEX_POINT('',#2276);
#668=VERTEX_POINT('',#2280);
#669=VERTEX_POINT('',#2284);
#670=VERTEX_POINT('',#2285);
#671=VERTEX_POINT('',#2287);
#672=VERTEX_POINT('',#2289);
#673=VERTEX_POINT('',#2300);
#674=VERTEX_POINT('',#2302);
#675=VERTEX_POINT('',#2305);
#676=VERTEX_POINT('',#2309);
#677=VERTEX_POINT('',#2313);
#678=VERTEX_POINT('',#2315);
#679=VERTEX_POINT('',#2319);
#680=VERTEX_POINT('',#2323);
#681=VERTEX_POINT('',#2327);
#682=VERTEX_POINT('',#2328);
#683=VERTEX_POINT('',#2330);
#684=VERTEX_POINT('',#2332);
#685=VERTEX_POINT('',#2343);
#686=VERTEX_POINT('',#2347);
#687=VERTEX_POINT('',#2355);
#688=VERTEX_POINT('',#2359);
#689=VERTEX_POINT('',#2365);
#690=VERTEX_POINT('',#2367);
#691=VERTEX_POINT('',#2369);
#692=VERTEX_POINT('',#2371);
#693=VERTEX_POINT('',#2373);
#694=VERTEX_POINT('',#2375);
#695=VERTEX_POINT('',#2377);
#696=VERTEX_POINT('',#2380);
#697=VERTEX_POINT('',#2382);
#698=VERTEX_POINT('',#2384);
#699=VERTEX_POINT('',#2420);
#700=VERTEX_POINT('',#2421);
#701=VERTEX_POINT('',#2434);
#702=VERTEX_POINT('',#2436);
#703=VERTEX_POINT('',#2452);
#704=VERTEX_POINT('',#2454);
#705=VERTEX_POINT('',#2458);
#706=VERTEX_POINT('',#2462);
#707=VERTEX_POINT('',#2464);
#708=VERTEX_POINT('',#2469);
#709=VERTEX_POINT('',#2471);
#710=VERTEX_POINT('',#2473);
#711=VERTEX_POINT('',#2477);
#712=VERTEX_POINT('',#2479);
#713=VERTEX_POINT('',#2482);
#714=VERTEX_POINT('',#2486);
#715=VERTEX_POINT('',#2489);
#716=VERTEX_POINT('',#2493);
#717=VERTEX_POINT('',#2495);
#718=VERTEX_POINT('',#2501);
#719=VERTEX_POINT('',#2505);
#720=VERTEX_POINT('',#2509);
#721=VERTEX_POINT('',#2511);
#722=VERTEX_POINT('',#2521);
#723=VERTEX_POINT('',#2523);
#724=VERTEX_POINT('',#2530);
#725=VERTEX_POINT('',#2534);
#726=VERTEX_POINT('',#2540);
#727=VERTEX_POINT('',#2545);
#728=VERTEX_POINT('',#2551);
#729=EDGE_CURVE('',#602,#602,#529,.T.);
#730=EDGE_CURVE('',#603,#603,#530,.T.);
#731=EDGE_CURVE('',#604,#604,#531,.T.);
#732=EDGE_CURVE('',#605,#605,#532,.T.);
#733=EDGE_CURVE('',#606,#606,#533,.T.);
#734=EDGE_CURVE('',#607,#607,#534,.T.);
#735=EDGE_CURVE('',#608,#608,#535,.T.);
#736=EDGE_CURVE('',#609,#609,#536,.T.);
#737=EDGE_CURVE('',#610,#611,#537,.T.);
#738=EDGE_CURVE('',#611,#612,#33,.T.);
#739=EDGE_CURVE('',#613,#612,#538,.T.);
#740=EDGE_CURVE('',#610,#613,#34,.T.);
#741=EDGE_CURVE('',#610,#614,#35,.T.);
#742=EDGE_CURVE('',#615,#613,#36,.T.);
#743=EDGE_CURVE('',#614,#615,#37,.T.);
#744=EDGE_CURVE('',#616,#614,#539,.T.);
#745=EDGE_CURVE('',#617,#615,#540,.T.);
#746=EDGE_CURVE('',#616,#617,#38,.T.);
#747=EDGE_CURVE('',#616,#618,#39,.T.);
#748=EDGE_CURVE('',#619,#617,#40,.T.);
#749=EDGE_CURVE('',#618,#619,#41,.T.);
#750=EDGE_CURVE('',#620,#618,#541,.T.);
#751=EDGE_CURVE('',#621,#619,#542,.T.);
#752=EDGE_CURVE('',#620,#621,#42,.T.);
#753=EDGE_CURVE('',#620,#622,#43,.T.);
#754=EDGE_CURVE('',#623,#621,#44,.T.);
#755=EDGE_CURVE('',#622,#623,#45,.T.);
#756=EDGE_CURVE('',#624,#622,#543,.T.);
#757=EDGE_CURVE('',#625,#623,#544,.T.);
#758=EDGE_CURVE('',#624,#625,#46,.T.);
#759=EDGE_CURVE('',#624,#626,#47,.T.);
#760=EDGE_CURVE('',#627,#625,#48,.T.);
#761=EDGE_CURVE('',#626,#627,#49,.T.);
#762=EDGE_CURVE('',#628,#626,#545,.T.);
#763=EDGE_CURVE('',#629,#627,#546,.T.);
#764=EDGE_CURVE('',#628,#629,#50,.T.);
#765=EDGE_CURVE('',#628,#630,#51,.T.);
#766=EDGE_CURVE('',#631,#629,#52,.T.);
#767=EDGE_CURVE('',#630,#631,#53,.T.);
#768=EDGE_CURVE('',#632,#630,#547,.T.);
#769=EDGE_CURVE('',#633,#631,#548,.T.);
#770=EDGE_CURVE('',#632,#633,#54,.T.);
#771=EDGE_CURVE('',#634,#635,#549,.T.);
#772=EDGE_CURVE('',#635,#636,#55,.T.);
#773=EDGE_CURVE('',#636,#637,#550,.T.);
#774=EDGE_CURVE('',#637,#633,#56,.T.);
#775=EDGE_CURVE('',#612,#634,#57,.T.);
#776=EDGE_CURVE('',#638,#638,#551,.T.);
#777=EDGE_CURVE('',#639,#639,#552,.T.);
#778=EDGE_CURVE('',#640,#640,#553,.T.);
#779=EDGE_CURVE('',#641,#641,#554,.T.);
#780=EDGE_CURVE('',#642,#642,#555,.T.);
#781=EDGE_CURVE('',#608,#643,#58,.T.);
#782=EDGE_CURVE('',#643,#643,#556,.T.);
#783=EDGE_CURVE('',#602,#644,#59,.T.);
#784=EDGE_CURVE('',#644,#644,#557,.T.);
#785=EDGE_CURVE('',#645,#646,#60,.T.);
#786=EDGE_CURVE('',#646,#647,#558,.T.);
#787=EDGE_CURVE('',#647,#648,#61,.T.);
#788=EDGE_CURVE('',#648,#649,#559,.T.);
#789=EDGE_CURVE('',#649,#641,#62,.T.);
#790=EDGE_CURVE('',#649,#645,#560,.T.);
#791=EDGE_CURVE('',#609,#640,#63,.T.);
#792=EDGE_CURVE('',#603,#638,#64,.T.);
#793=EDGE_CURVE('',#650,#651,#25,.T.);
#794=EDGE_CURVE('',#652,#650,#26,.T.);
#795=EDGE_CURVE('',#653,#652,#27,.T.);
#796=EDGE_CURVE('',#651,#653,#65,.T.);
#797=EDGE_CURVE('',#654,#650,#66,.T.);
#798=EDGE_CURVE('',#654,#655,#67,.T.);
#799=EDGE_CURVE('',#652,#655,#68,.T.);
#800=EDGE_CURVE('',#656,#656,#561,.T.);
#801=EDGE_CURVE('',#656,#657,#69,.T.);
#802=EDGE_CURVE('',#657,#657,#562,.T.);
#803=EDGE_CURVE('',#658,#658,#563,.T.);
#804=EDGE_CURVE('',#658,#659,#70,.T.);
#805=EDGE_CURVE('',#659,#659,#564,.T.);
#806=EDGE_CURVE('',#660,#661,#71,.T.);
#807=EDGE_CURVE('',#662,#661,#72,.T.);
#808=EDGE_CURVE('',#662,#663,#73,.T.);
#809=EDGE_CURVE('',#664,#663,#74,.T.);
#810=EDGE_CURVE('',#664,#665,#75,.T.);
#811=EDGE_CURVE('',#665,#660,#76,.T.);
#812=EDGE_CURVE('',#661,#666,#77,.T.);
#813=EDGE_CURVE('',#667,#660,#78,.T.);
#814=EDGE_CURVE('',#666,#667,#79,.T.);
#815=EDGE_CURVE('',#667,#668,#80,.T.);
#816=EDGE_CURVE('',#666,#668,#565,.T.);
#817=EDGE_CURVE('',#669,#670,#81,.T.);
#818=EDGE_CURVE('',#671,#670,#566,.T.);
#819=EDGE_CURVE('',#672,#671,#82,.T.);
#820=EDGE_CURVE('',#669,#672,#567,.T.);
#821=EDGE_CURVE('',#663,#671,#83,.T.);
#822=EDGE_CURVE('',#672,#662,#84,.T.);
#823=EDGE_CURVE('',#666,#672,#85,.T.);
#824=EDGE_CURVE('',#669,#668,#86,.T.);
#825=EDGE_CURVE('',#673,#673,#568,.T.);
#826=EDGE_CURVE('',#674,#674,#569,.T.);
#827=EDGE_CURVE('',#675,#675,#570,.T.);
#828=EDGE_CURVE('',#675,#674,#87,.T.);
#829=EDGE_CURVE('',#673,#676,#88,.T.);
#830=EDGE_CURVE('',#676,#676,#571,.T.);
#831=EDGE_CURVE('',#668,#677,#89,.T.);
#832=EDGE_CURVE('',#678,#667,#90,.T.);
#833=EDGE_CURVE('',#677,#678,#91,.T.);
#834=EDGE_CURVE('',#679,#669,#92,.T.);
#835=EDGE_CURVE('',#677,#679,#93,.T.);
#836=EDGE_CURVE('',#670,#680,#94,.T.);
#837=EDGE_CURVE('',#679,#680,#95,.T.);
#838=EDGE_CURVE('',#681,#682,#96,.T.);
#839=EDGE_CURVE('',#683,#682,#572,.T.);
#840=EDGE_CURVE('',#684,#683,#97,.T.);
#841=EDGE_CURVE('',#681,#684,#573,.T.);
#842=EDGE_CURVE('',#684,#637,#98,.T.);
#843=EDGE_CURVE('',#636,#681,#99,.T.);
#844=EDGE_CURVE('',#655,#678,#574,.T.);
#845=EDGE_CURVE('',#677,#654,#575,.T.);
#846=EDGE_CURVE('',#651,#632,#100,.T.);
#847=EDGE_CURVE('',#684,#685,#101,.T.);
#848=EDGE_CURVE('',#685,#654,#102,.T.);
#849=EDGE_CURVE('',#686,#683,#103,.T.);
#850=EDGE_CURVE('',#685,#686,#104,.T.);
#851=EDGE_CURVE('',#680,#686,#576,.T.);
#852=EDGE_CURVE('',#685,#679,#577,.T.);
#853=EDGE_CURVE('',#687,#687,#578,.T.);
#854=EDGE_CURVE('',#687,#604,#105,.T.);
#855=EDGE_CURVE('',#688,#688,#579,.T.);
#856=EDGE_CURVE('',#688,#606,#106,.T.);
#857=EDGE_CURVE('',#646,#647,#580,.T.);
#858=EDGE_CURVE('',#689,#682,#107,.T.);
#859=EDGE_CURVE('',#690,#689,#581,.T.);
#860=EDGE_CURVE('',#691,#690,#108,.T.);
#861=EDGE_CURVE('',#692,#691,#582,.T.);
#862=EDGE_CURVE('',#693,#692,#109,.T.);
#863=EDGE_CURVE('',#694,#693,#583,.T.);
#864=EDGE_CURVE('',#695,#694,#110,.T.);
#865=EDGE_CURVE('',#664,#695,#111,.T.);
#866=EDGE_CURVE('',#696,#696,#584,.T.);
#867=EDGE_CURVE('',#697,#697,#585,.T.);
#868=EDGE_CURVE('',#698,#698,#586,.T.);
#869=EDGE_CURVE('',#642,#605,#112,.T.);
#870=EDGE_CURVE('',#639,#607,#113,.T.);
#871=EDGE_CURVE('',#699,#700,#28,.T.);
#872=EDGE_CURVE('',#700,#701,#114,.T.);
#873=EDGE_CURVE('',#701,#702,#29,.T.);
#874=EDGE_CURVE('',#702,#699,#30,.T.);
#875=EDGE_CURVE('',#702,#703,#115,.T.);
#876=EDGE_CURVE('',#704,#703,#116,.T.);
#877=EDGE_CURVE('',#704,#699,#117,.T.);
#878=EDGE_CURVE('',#705,#705,#587,.T.);
#879=EDGE_CURVE('',#705,#698,#118,.T.);
#880=EDGE_CURVE('',#706,#706,#588,.T.);
#881=EDGE_CURVE('',#706,#707,#119,.T.);
#882=EDGE_CURVE('',#707,#707,#589,.T.);
#883=EDGE_CURVE('',#665,#708,#120,.T.);
#884=EDGE_CURVE('',#709,#708,#121,.T.);
#885=EDGE_CURVE('',#710,#709,#122,.T.);
#886=EDGE_CURVE('',#703,#710,#590,.T.);
#887=EDGE_CURVE('',#700,#611,#123,.T.);
#888=EDGE_CURVE('',#711,#711,#591,.T.);
#889=EDGE_CURVE('',#712,#712,#592,.T.);
#890=EDGE_CURVE('',#713,#713,#593,.T.);
#891=EDGE_CURVE('',#713,#696,#124,.T.);
#892=EDGE_CURVE('',#714,#714,#594,.T.);
#893=EDGE_CURVE('',#681,#715,#125,.T.);
#894=EDGE_CURVE('',#715,#689,#126,.T.);
#895=EDGE_CURVE('',#708,#716,#127,.T.);
#896=EDGE_CURVE('',#717,#695,#128,.T.);
#897=EDGE_CURVE('',#717,#716,#129,.T.);
#898=EDGE_CURVE('',#711,#714,#130,.T.);
#899=EDGE_CURVE('',#716,#718,#131,.T.);
#900=EDGE_CURVE('',#718,#709,#132,.T.);
#901=EDGE_CURVE('',#718,#719,#595,.T.);
#902=EDGE_CURVE('',#709,#719,#133,.T.);
#903=EDGE_CURVE('',#720,#693,#134,.T.);
#904=EDGE_CURVE('',#720,#721,#596,.T.);
#905=EDGE_CURVE('',#721,#694,#135,.T.);
#906=EDGE_CURVE('',#721,#717,#136,.T.);
#907=EDGE_CURVE('',#718,#721,#137,.T.);
#908=EDGE_CURVE('',#720,#719,#138,.T.);
#909=EDGE_CURVE('',#722,#722,#597,.T.);
#910=EDGE_CURVE('',#723,#723,#598,.T.);
#911=EDGE_CURVE('',#723,#697,#139,.T.);
#912=EDGE_CURVE('',#712,#722,#140,.T.);
#913=EDGE_CURVE('',#719,#724,#141,.T.);
#914=EDGE_CURVE('',#724,#710,#142,.T.);
#915=EDGE_CURVE('',#725,#720,#143,.T.);
#916=EDGE_CURVE('',#724,#725,#144,.T.);
#917=EDGE_CURVE('',#725,#692,#145,.T.);
#918=EDGE_CURVE('',#715,#726,#599,.T.);
#919=EDGE_CURVE('',#726,#690,#146,.T.);
#920=EDGE_CURVE('',#635,#715,#147,.T.);
#921=EDGE_CURVE('',#727,#634,#148,.T.);
#922=EDGE_CURVE('',#726,#727,#149,.T.);
#923=EDGE_CURVE('',#724,#704,#600,.T.);
#924=EDGE_CURVE('',#728,#704,#150,.T.);
#925=EDGE_CURVE('',#726,#728,#151,.T.);
#926=EDGE_CURVE('',#728,#691,#152,.T.);
#927=EDGE_CURVE('',#728,#725,#601,.T.);
#928=ORIENTED_EDGE('',*,*,#729,.F.);
#929=ORIENTED_EDGE('',*,*,#730,.F.);
#930=ORIENTED_EDGE('',*,*,#731,.F.);
#931=ORIENTED_EDGE('',*,*,#732,.F.);
#932=ORIENTED_EDGE('',*,*,#733,.F.);
#933=ORIENTED_EDGE('',*,*,#734,.F.);
#934=ORIENTED_EDGE('',*,*,#735,.F.);
#935=ORIENTED_EDGE('',*,*,#736,.F.);
#936=ORIENTED_EDGE('',*,*,#737,.T.);
#937=ORIENTED_EDGE('',*,*,#738,.T.);
#938=ORIENTED_EDGE('',*,*,#739,.F.);
#939=ORIENTED_EDGE('',*,*,#740,.F.);
#940=ORIENTED_EDGE('',*,*,#741,.F.);
#941=ORIENTED_EDGE('',*,*,#740,.T.);
#942=ORIENTED_EDGE('',*,*,#742,.F.);
#943=ORIENTED_EDGE('',*,*,#743,.F.);
#944=ORIENTED_EDGE('',*,*,#744,.T.);
#945=ORIENTED_EDGE('',*,*,#743,.T.);
#946=ORIENTED_EDGE('',*,*,#745,.F.);
#947=ORIENTED_EDGE('',*,*,#746,.F.);
#948=ORIENTED_EDGE('',*,*,#747,.F.);
#949=ORIENTED_EDGE('',*,*,#746,.T.);
#950=ORIENTED_EDGE('',*,*,#748,.F.);
#951=ORIENTED_EDGE('',*,*,#749,.F.);
#952=ORIENTED_EDGE('',*,*,#750,.T.);
#953=ORIENTED_EDGE('',*,*,#749,.T.);
#954=ORIENTED_EDGE('',*,*,#751,.F.);
#955=ORIENTED_EDGE('',*,*,#752,.F.);
#956=ORIENTED_EDGE('',*,*,#753,.F.);
#957=ORIENTED_EDGE('',*,*,#752,.T.);
#958=ORIENTED_EDGE('',*,*,#754,.F.);
#959=ORIENTED_EDGE('',*,*,#755,.F.);
#960=ORIENTED_EDGE('',*,*,#756,.T.);
#961=ORIENTED_EDGE('',*,*,#755,.T.);
#962=ORIENTED_EDGE('',*,*,#757,.F.);
#963=ORIENTED_EDGE('',*,*,#758,.F.);
#964=ORIENTED_EDGE('',*,*,#759,.F.);
#965=ORIENTED_EDGE('',*,*,#758,.T.);
#966=ORIENTED_EDGE('',*,*,#760,.F.);
#967=ORIENTED_EDGE('',*,*,#761,.F.);
#968=ORIENTED_EDGE('',*,*,#762,.T.);
#969=ORIENTED_EDGE('',*,*,#761,.T.);
#970=ORIENTED_EDGE('',*,*,#763,.F.);
#971=ORIENTED_EDGE('',*,*,#764,.F.);
#972=ORIENTED_EDGE('',*,*,#765,.F.);
#973=ORIENTED_EDGE('',*,*,#764,.T.);
#974=ORIENTED_EDGE('',*,*,#766,.F.);
#975=ORIENTED_EDGE('',*,*,#767,.F.);
#976=ORIENTED_EDGE('',*,*,#768,.T.);
#977=ORIENTED_EDGE('',*,*,#767,.T.);
#978=ORIENTED_EDGE('',*,*,#769,.F.);
#979=ORIENTED_EDGE('',*,*,#770,.F.);
#980=ORIENTED_EDGE('',*,*,#771,.T.);
#981=ORIENTED_EDGE('',*,*,#772,.T.);
#982=ORIENTED_EDGE('',*,*,#773,.T.);
#983=ORIENTED_EDGE('',*,*,#774,.T.);
#984=ORIENTED_EDGE('',*,*,#769,.T.);
#985=ORIENTED_EDGE('',*,*,#766,.T.);
#986=ORIENTED_EDGE('',*,*,#763,.T.);
#987=ORIENTED_EDGE('',*,*,#760,.T.);
#988=ORIENTED_EDGE('',*,*,#757,.T.);
#989=ORIENTED_EDGE('',*,*,#754,.T.);
#990=ORIENTED_EDGE('',*,*,#751,.T.);
#991=ORIENTED_EDGE('',*,*,#748,.T.);
#992=ORIENTED_EDGE('',*,*,#745,.T.);
#993=ORIENTED_EDGE('',*,*,#742,.T.);
#994=ORIENTED_EDGE('',*,*,#739,.T.);
#995=ORIENTED_EDGE('',*,*,#775,.T.);
#996=ORIENTED_EDGE('',*,*,#776,.T.);
#997=ORIENTED_EDGE('',*,*,#777,.T.);
#998=ORIENTED_EDGE('',*,*,#778,.T.);
#999=ORIENTED_EDGE('',*,*,#779,.T.);
#1000=ORIENTED_EDGE('',*,*,#780,.T.);
#1001=ORIENTED_EDGE('',*,*,#735,.T.);
#1002=ORIENTED_EDGE('',*,*,#781,.T.);
#1003=ORIENTED_EDGE('',*,*,#782,.T.);
#1004=ORIENTED_EDGE('',*,*,#781,.F.);
#1005=ORIENTED_EDGE('',*,*,#729,.T.);
#1006=ORIENTED_EDGE('',*,*,#783,.T.);
#1007=ORIENTED_EDGE('',*,*,#784,.T.);
#1008=ORIENTED_EDGE('',*,*,#783,.F.);
#1009=ORIENTED_EDGE('',*,*,#785,.T.);
#1010=ORIENTED_EDGE('',*,*,#786,.T.);
#1011=ORIENTED_EDGE('',*,*,#787,.T.);
#1012=ORIENTED_EDGE('',*,*,#788,.T.);
#1013=ORIENTED_EDGE('',*,*,#789,.T.);
#1014=ORIENTED_EDGE('',*,*,#779,.F.);
#1015=ORIENTED_EDGE('',*,*,#789,.F.);
#1016=ORIENTED_EDGE('',*,*,#790,.T.);
#1017=ORIENTED_EDGE('',*,*,#736,.T.);
#1018=ORIENTED_EDGE('',*,*,#791,.T.);
#1019=ORIENTED_EDGE('',*,*,#778,.F.);
#1020=ORIENTED_EDGE('',*,*,#791,.F.);
#1021=ORIENTED_EDGE('',*,*,#730,.T.);
#1022=ORIENTED_EDGE('',*,*,#792,.T.);
#1023=ORIENTED_EDGE('',*,*,#776,.F.);
#1024=ORIENTED_EDGE('',*,*,#792,.F.);
#1025=ORIENTED_EDGE('',*,*,#793,.F.);
#1026=ORIENTED_EDGE('',*,*,#794,.F.);
#1027=ORIENTED_EDGE('',*,*,#795,.F.);
#1028=ORIENTED_EDGE('',*,*,#796,.F.);
#1029=ORIENTED_EDGE('',*,*,#794,.T.);
#1030=ORIENTED_EDGE('',*,*,#797,.F.);
#1031=ORIENTED_EDGE('',*,*,#798,.T.);
#1032=ORIENTED_EDGE('',*,*,#799,.F.);
#1033=ORIENTED_EDGE('',*,*,#800,.T.);
#1034=ORIENTED_EDGE('',*,*,#801,.T.);
#1035=ORIENTED_EDGE('',*,*,#802,.F.);
#1036=ORIENTED_EDGE('',*,*,#801,.F.);
#1037=ORIENTED_EDGE('',*,*,#803,.F.);
#1038=ORIENTED_EDGE('',*,*,#804,.T.);
#1039=ORIENTED_EDGE('',*,*,#805,.T.);
#1040=ORIENTED_EDGE('',*,*,#804,.F.);
#1041=ORIENTED_EDGE('',*,*,#803,.T.);
#1042=ORIENTED_EDGE('',*,*,#802,.T.);
#1043=ORIENTED_EDGE('',*,*,#806,.T.);
#1044=ORIENTED_EDGE('',*,*,#807,.F.);
#1045=ORIENTED_EDGE('',*,*,#808,.T.);
#1046=ORIENTED_EDGE('',*,*,#809,.F.);
#1047=ORIENTED_EDGE('',*,*,#810,.T.);
#1048=ORIENTED_EDGE('',*,*,#811,.T.);
#1049=ORIENTED_EDGE('',*,*,#812,.F.);
#1050=ORIENTED_EDGE('',*,*,#806,.F.);
#1051=ORIENTED_EDGE('',*,*,#813,.F.);
#1052=ORIENTED_EDGE('',*,*,#814,.F.);
#1053=ORIENTED_EDGE('',*,*,#814,.T.);
#1054=ORIENTED_EDGE('',*,*,#815,.T.);
#1055=ORIENTED_EDGE('',*,*,#816,.F.);
#1056=ORIENTED_EDGE('',*,*,#817,.T.);
#1057=ORIENTED_EDGE('',*,*,#818,.F.);
#1058=ORIENTED_EDGE('',*,*,#819,.F.);
#1059=ORIENTED_EDGE('',*,*,#820,.F.);
#1060=ORIENTED_EDGE('',*,*,#821,.F.);
#1061=ORIENTED_EDGE('',*,*,#808,.F.);
#1062=ORIENTED_EDGE('',*,*,#822,.F.);
#1063=ORIENTED_EDGE('',*,*,#819,.T.);
#1064=ORIENTED_EDGE('',*,*,#822,.T.);
#1065=ORIENTED_EDGE('',*,*,#807,.T.);
#1066=ORIENTED_EDGE('',*,*,#812,.T.);
#1067=ORIENTED_EDGE('',*,*,#823,.T.);
#1068=ORIENTED_EDGE('',*,*,#816,.T.);
#1069=ORIENTED_EDGE('',*,*,#824,.F.);
#1070=ORIENTED_EDGE('',*,*,#820,.T.);
#1071=ORIENTED_EDGE('',*,*,#823,.F.);
#1072=ORIENTED_EDGE('',*,*,#825,.T.);
#1073=ORIENTED_EDGE('',*,*,#826,.T.);
#1074=ORIENTED_EDGE('',*,*,#827,.T.);
#1075=ORIENTED_EDGE('',*,*,#828,.T.);
#1076=ORIENTED_EDGE('',*,*,#826,.F.);
#1077=ORIENTED_EDGE('',*,*,#828,.F.);
#1078=ORIENTED_EDGE('',*,*,#825,.F.);
#1079=ORIENTED_EDGE('',*,*,#829,.T.);
#1080=ORIENTED_EDGE('',*,*,#830,.T.);
#1081=ORIENTED_EDGE('',*,*,#829,.F.);
#1082=ORIENTED_EDGE('',*,*,#831,.F.);
#1083=ORIENTED_EDGE('',*,*,#815,.F.);
#1084=ORIENTED_EDGE('',*,*,#832,.F.);
#1085=ORIENTED_EDGE('',*,*,#833,.F.);
#1086=ORIENTED_EDGE('',*,*,#834,.T.);
#1087=ORIENTED_EDGE('',*,*,#824,.T.);
#1088=ORIENTED_EDGE('',*,*,#831,.T.);
#1089=ORIENTED_EDGE('',*,*,#835,.T.);
#1090=ORIENTED_EDGE('',*,*,#836,.F.);
#1091=ORIENTED_EDGE('',*,*,#817,.F.);
#1092=ORIENTED_EDGE('',*,*,#834,.F.);
#1093=ORIENTED_EDGE('',*,*,#837,.T.);
#1094=ORIENTED_EDGE('',*,*,#838,.T.);
#1095=ORIENTED_EDGE('',*,*,#839,.F.);
#1096=ORIENTED_EDGE('',*,*,#840,.F.);
#1097=ORIENTED_EDGE('',*,*,#841,.F.);
#1098=ORIENTED_EDGE('',*,*,#841,.T.);
#1099=ORIENTED_EDGE('',*,*,#842,.T.);
#1100=ORIENTED_EDGE('',*,*,#773,.F.);
#1101=ORIENTED_EDGE('',*,*,#843,.T.);
#1102=ORIENTED_EDGE('',*,*,#833,.T.);
#1103=ORIENTED_EDGE('',*,*,#844,.F.);
#1104=ORIENTED_EDGE('',*,*,#798,.F.);
#1105=ORIENTED_EDGE('',*,*,#845,.F.);
#1106=ORIENTED_EDGE('',*,*,#797,.T.);
#1107=ORIENTED_EDGE('',*,*,#793,.T.);
#1108=ORIENTED_EDGE('',*,*,#846,.T.);
#1109=ORIENTED_EDGE('',*,*,#770,.T.);
#1110=ORIENTED_EDGE('',*,*,#774,.F.);
#1111=ORIENTED_EDGE('',*,*,#842,.F.);
#1112=ORIENTED_EDGE('',*,*,#847,.T.);
#1113=ORIENTED_EDGE('',*,*,#848,.T.);
#1114=ORIENTED_EDGE('',*,*,#847,.F.);
#1115=ORIENTED_EDGE('',*,*,#840,.T.);
#1116=ORIENTED_EDGE('',*,*,#849,.F.);
#1117=ORIENTED_EDGE('',*,*,#850,.F.);
#1118=ORIENTED_EDGE('',*,*,#850,.T.);
#1119=ORIENTED_EDGE('',*,*,#851,.F.);
#1120=ORIENTED_EDGE('',*,*,#837,.F.);
#1121=ORIENTED_EDGE('',*,*,#852,.F.);
#1122=ORIENTED_EDGE('',*,*,#845,.T.);
#1123=ORIENTED_EDGE('',*,*,#848,.F.);
#1124=ORIENTED_EDGE('',*,*,#852,.T.);
#1125=ORIENTED_EDGE('',*,*,#835,.F.);
#1126=ORIENTED_EDGE('',*,*,#853,.F.);
#1127=ORIENTED_EDGE('',*,*,#854,.T.);
#1128=ORIENTED_EDGE('',*,*,#731,.T.);
#1129=ORIENTED_EDGE('',*,*,#854,.F.);
#1130=ORIENTED_EDGE('',*,*,#855,.F.);
#1131=ORIENTED_EDGE('',*,*,#856,.T.);
#1132=ORIENTED_EDGE('',*,*,#733,.T.);
#1133=ORIENTED_EDGE('',*,*,#856,.F.);
#1134=ORIENTED_EDGE('',*,*,#788,.F.);
#1135=ORIENTED_EDGE('',*,*,#787,.F.);
#1136=ORIENTED_EDGE('',*,*,#857,.F.);
#1137=ORIENTED_EDGE('',*,*,#785,.F.);
#1138=ORIENTED_EDGE('',*,*,#790,.F.);
#1139=ORIENTED_EDGE('',*,*,#858,.F.);
#1140=ORIENTED_EDGE('',*,*,#859,.F.);
#1141=ORIENTED_EDGE('',*,*,#860,.F.);
#1142=ORIENTED_EDGE('',*,*,#861,.F.);
#1143=ORIENTED_EDGE('',*,*,#862,.F.);
#1144=ORIENTED_EDGE('',*,*,#863,.F.);
#1145=ORIENTED_EDGE('',*,*,#864,.F.);
#1146=ORIENTED_EDGE('',*,*,#865,.F.);
#1147=ORIENTED_EDGE('',*,*,#809,.T.);
#1148=ORIENTED_EDGE('',*,*,#821,.T.);
#1149=ORIENTED_EDGE('',*,*,#818,.T.);
#1150=ORIENTED_EDGE('',*,*,#836,.T.);
#1151=ORIENTED_EDGE('',*,*,#851,.T.);
#1152=ORIENTED_EDGE('',*,*,#849,.T.);
#1153=ORIENTED_EDGE('',*,*,#839,.T.);
#1154=ORIENTED_EDGE('',*,*,#786,.F.);
#1155=ORIENTED_EDGE('',*,*,#857,.T.);
#1156=ORIENTED_EDGE('',*,*,#800,.F.);
#1157=ORIENTED_EDGE('',*,*,#827,.F.);
#1158=ORIENTED_EDGE('',*,*,#784,.F.);
#1159=ORIENTED_EDGE('',*,*,#782,.F.);
#1160=ORIENTED_EDGE('',*,*,#853,.T.);
#1161=ORIENTED_EDGE('',*,*,#855,.T.);
#1162=ORIENTED_EDGE('',*,*,#866,.F.);
#1163=ORIENTED_EDGE('',*,*,#867,.T.);
#1164=ORIENTED_EDGE('',*,*,#868,.T.);
#1165=ORIENTED_EDGE('',*,*,#780,.F.);
#1166=ORIENTED_EDGE('',*,*,#869,.T.);
#1167=ORIENTED_EDGE('',*,*,#732,.T.);
#1168=ORIENTED_EDGE('',*,*,#869,.F.);
#1169=ORIENTED_EDGE('',*,*,#777,.F.);
#1170=ORIENTED_EDGE('',*,*,#870,.T.);
#1171=ORIENTED_EDGE('',*,*,#734,.T.);
#1172=ORIENTED_EDGE('',*,*,#870,.F.);
#1173=ORIENTED_EDGE('',*,*,#871,.T.);
#1174=ORIENTED_EDGE('',*,*,#872,.T.);
#1175=ORIENTED_EDGE('',*,*,#873,.T.);
#1176=ORIENTED_EDGE('',*,*,#874,.T.);
#1177=ORIENTED_EDGE('',*,*,#874,.F.);
#1178=ORIENTED_EDGE('',*,*,#875,.T.);
#1179=ORIENTED_EDGE('',*,*,#876,.F.);
#1180=ORIENTED_EDGE('',*,*,#877,.T.);
#1181=ORIENTED_EDGE('',*,*,#878,.T.);
#1182=ORIENTED_EDGE('',*,*,#879,.T.);
#1183=ORIENTED_EDGE('',*,*,#868,.F.);
#1184=ORIENTED_EDGE('',*,*,#879,.F.);
#1185=ORIENTED_EDGE('',*,*,#880,.F.);
#1186=ORIENTED_EDGE('',*,*,#881,.T.);
#1187=ORIENTED_EDGE('',*,*,#882,.T.);
#1188=ORIENTED_EDGE('',*,*,#881,.F.);
#1189=ORIENTED_EDGE('',*,*,#882,.F.);
#1190=ORIENTED_EDGE('',*,*,#878,.F.);
#1191=ORIENTED_EDGE('',*,*,#768,.F.);
#1192=ORIENTED_EDGE('',*,*,#846,.F.);
#1193=ORIENTED_EDGE('',*,*,#796,.T.);
#1194=ORIENTED_EDGE('',*,*,#795,.T.);
#1195=ORIENTED_EDGE('',*,*,#799,.T.);
#1196=ORIENTED_EDGE('',*,*,#844,.T.);
#1197=ORIENTED_EDGE('',*,*,#832,.T.);
#1198=ORIENTED_EDGE('',*,*,#813,.T.);
#1199=ORIENTED_EDGE('',*,*,#811,.F.);
#1200=ORIENTED_EDGE('',*,*,#883,.T.);
#1201=ORIENTED_EDGE('',*,*,#884,.F.);
#1202=ORIENTED_EDGE('',*,*,#885,.F.);
#1203=ORIENTED_EDGE('',*,*,#886,.F.);
#1204=ORIENTED_EDGE('',*,*,#875,.F.);
#1205=ORIENTED_EDGE('',*,*,#873,.F.);
#1206=ORIENTED_EDGE('',*,*,#872,.F.);
#1207=ORIENTED_EDGE('',*,*,#887,.T.);
#1208=ORIENTED_EDGE('',*,*,#737,.F.);
#1209=ORIENTED_EDGE('',*,*,#741,.T.);
#1210=ORIENTED_EDGE('',*,*,#744,.F.);
#1211=ORIENTED_EDGE('',*,*,#747,.T.);
#1212=ORIENTED_EDGE('',*,*,#750,.F.);
#1213=ORIENTED_EDGE('',*,*,#753,.T.);
#1214=ORIENTED_EDGE('',*,*,#756,.F.);
#1215=ORIENTED_EDGE('',*,*,#759,.T.);
#1216=ORIENTED_EDGE('',*,*,#762,.F.);
#1217=ORIENTED_EDGE('',*,*,#765,.T.);
#1218=ORIENTED_EDGE('',*,*,#888,.T.);
#1219=ORIENTED_EDGE('',*,*,#805,.F.);
#1220=ORIENTED_EDGE('',*,*,#830,.F.);
#1221=ORIENTED_EDGE('',*,*,#889,.T.);
#1222=ORIENTED_EDGE('',*,*,#880,.T.);
#1223=ORIENTED_EDGE('',*,*,#890,.T.);
#1224=ORIENTED_EDGE('',*,*,#891,.T.);
#1225=ORIENTED_EDGE('',*,*,#866,.T.);
#1226=ORIENTED_EDGE('',*,*,#891,.F.);
#1227=ORIENTED_EDGE('',*,*,#892,.F.);
#1228=ORIENTED_EDGE('',*,*,#890,.F.);
#1229=ORIENTED_EDGE('',*,*,#893,.T.);
#1230=ORIENTED_EDGE('',*,*,#894,.T.);
#1231=ORIENTED_EDGE('',*,*,#858,.T.);
#1232=ORIENTED_EDGE('',*,*,#838,.F.);
#1233=ORIENTED_EDGE('',*,*,#895,.F.);
#1234=ORIENTED_EDGE('',*,*,#883,.F.);
#1235=ORIENTED_EDGE('',*,*,#810,.F.);
#1236=ORIENTED_EDGE('',*,*,#865,.T.);
#1237=ORIENTED_EDGE('',*,*,#896,.F.);
#1238=ORIENTED_EDGE('',*,*,#897,.T.);
#1239=ORIENTED_EDGE('',*,*,#888,.F.);
#1240=ORIENTED_EDGE('',*,*,#898,.T.);
#1241=ORIENTED_EDGE('',*,*,#892,.T.);
#1242=ORIENTED_EDGE('',*,*,#898,.F.);
#1243=ORIENTED_EDGE('',*,*,#899,.T.);
#1244=ORIENTED_EDGE('',*,*,#900,.T.);
#1245=ORIENTED_EDGE('',*,*,#884,.T.);
#1246=ORIENTED_EDGE('',*,*,#895,.T.);
#1247=ORIENTED_EDGE('',*,*,#900,.F.);
#1248=ORIENTED_EDGE('',*,*,#901,.T.);
#1249=ORIENTED_EDGE('',*,*,#902,.F.);
#1250=ORIENTED_EDGE('',*,*,#903,.F.);
#1251=ORIENTED_EDGE('',*,*,#904,.T.);
#1252=ORIENTED_EDGE('',*,*,#905,.T.);
#1253=ORIENTED_EDGE('',*,*,#863,.T.);
#1254=ORIENTED_EDGE('',*,*,#864,.T.);
#1255=ORIENTED_EDGE('',*,*,#905,.F.);
#1256=ORIENTED_EDGE('',*,*,#906,.T.);
#1257=ORIENTED_EDGE('',*,*,#896,.T.);
#1258=ORIENTED_EDGE('',*,*,#906,.F.);
#1259=ORIENTED_EDGE('',*,*,#907,.F.);
#1260=ORIENTED_EDGE('',*,*,#899,.F.);
#1261=ORIENTED_EDGE('',*,*,#897,.F.);
#1262=ORIENTED_EDGE('',*,*,#901,.F.);
#1263=ORIENTED_EDGE('',*,*,#907,.T.);
#1264=ORIENTED_EDGE('',*,*,#904,.F.);
#1265=ORIENTED_EDGE('',*,*,#908,.T.);
#1266=ORIENTED_EDGE('',*,*,#909,.F.);
#1267=ORIENTED_EDGE('',*,*,#910,.F.);
#1268=ORIENTED_EDGE('',*,*,#910,.T.);
#1269=ORIENTED_EDGE('',*,*,#911,.T.);
#1270=ORIENTED_EDGE('',*,*,#867,.F.);
#1271=ORIENTED_EDGE('',*,*,#911,.F.);
#1272=ORIENTED_EDGE('',*,*,#889,.F.);
#1273=ORIENTED_EDGE('',*,*,#912,.T.);
#1274=ORIENTED_EDGE('',*,*,#909,.T.);
#1275=ORIENTED_EDGE('',*,*,#912,.F.);
#1276=ORIENTED_EDGE('',*,*,#913,.T.);
#1277=ORIENTED_EDGE('',*,*,#914,.T.);
#1278=ORIENTED_EDGE('',*,*,#885,.T.);
#1279=ORIENTED_EDGE('',*,*,#902,.T.);
#1280=ORIENTED_EDGE('',*,*,#915,.F.);
#1281=ORIENTED_EDGE('',*,*,#916,.F.);
#1282=ORIENTED_EDGE('',*,*,#913,.F.);
#1283=ORIENTED_EDGE('',*,*,#908,.F.);
#1284=ORIENTED_EDGE('',*,*,#862,.T.);
#1285=ORIENTED_EDGE('',*,*,#917,.F.);
#1286=ORIENTED_EDGE('',*,*,#915,.T.);
#1287=ORIENTED_EDGE('',*,*,#903,.T.);
#1288=ORIENTED_EDGE('',*,*,#894,.F.);
#1289=ORIENTED_EDGE('',*,*,#918,.T.);
#1290=ORIENTED_EDGE('',*,*,#919,.T.);
#1291=ORIENTED_EDGE('',*,*,#859,.T.);
#1292=ORIENTED_EDGE('',*,*,#918,.F.);
#1293=ORIENTED_EDGE('',*,*,#920,.F.);
#1294=ORIENTED_EDGE('',*,*,#771,.F.);
#1295=ORIENTED_EDGE('',*,*,#921,.F.);
#1296=ORIENTED_EDGE('',*,*,#922,.F.);
#1297=ORIENTED_EDGE('',*,*,#914,.F.);
#1298=ORIENTED_EDGE('',*,*,#923,.T.);
#1299=ORIENTED_EDGE('',*,*,#876,.T.);
#1300=ORIENTED_EDGE('',*,*,#886,.T.);
#1301=ORIENTED_EDGE('',*,*,#877,.F.);
#1302=ORIENTED_EDGE('',*,*,#924,.F.);
#1303=ORIENTED_EDGE('',*,*,#925,.F.);
#1304=ORIENTED_EDGE('',*,*,#922,.T.);
#1305=ORIENTED_EDGE('',*,*,#921,.T.);
#1306=ORIENTED_EDGE('',*,*,#775,.F.);
#1307=ORIENTED_EDGE('',*,*,#738,.F.);
#1308=ORIENTED_EDGE('',*,*,#887,.F.);
#1309=ORIENTED_EDGE('',*,*,#871,.F.);
#1310=ORIENTED_EDGE('',*,*,#925,.T.);
#1311=ORIENTED_EDGE('',*,*,#926,.T.);
#1312=ORIENTED_EDGE('',*,*,#860,.T.);
#1313=ORIENTED_EDGE('',*,*,#919,.F.);
#1314=ORIENTED_EDGE('',*,*,#926,.F.);
#1315=ORIENTED_EDGE('',*,*,#927,.T.);
#1316=ORIENTED_EDGE('',*,*,#917,.T.);
#1317=ORIENTED_EDGE('',*,*,#861,.T.);
#1318=ORIENTED_EDGE('',*,*,#923,.F.);
#1319=ORIENTED_EDGE('',*,*,#916,.T.);
#1320=ORIENTED_EDGE('',*,*,#927,.F.);
#1321=ORIENTED_EDGE('',*,*,#924,.T.);
#1322=ORIENTED_EDGE('',*,*,#920,.T.);
#1323=ORIENTED_EDGE('',*,*,#893,.F.);
#1324=ORIENTED_EDGE('',*,*,#843,.F.);
#1325=ORIENTED_EDGE('',*,*,#772,.F.);
#1326=PLANE('',#1462);
#1327=PLANE('',#1465);
#1328=PLANE('',#1468);
#1329=PLANE('',#1471);
#1330=PLANE('',#1477);
#1331=PLANE('',#1481);
#1332=PLANE('',#1485);
#1333=PLANE('',#1489);
#1334=PLANE('',#1493);
#1335=PLANE('',#1497);
#1336=PLANE('',#1515);
#1337=PLANE('',#1522);
#1338=PLANE('',#1523);
#1339=PLANE('',#1524);
#1340=PLANE('',#1530);
#1341=PLANE('',#1531);
#1342=PLANE('',#1533);
#1343=PLANE('',#1540);
#1344=PLANE('',#1541);
#1345=PLANE('',#1542);
#1346=PLANE('',#1550);
#1347=PLANE('',#1551);
#1348=PLANE('',#1562);
#1349=PLANE('',#1571);
#1350=PLANE('',#1577);
#1351=PLANE('',#1578);
#1352=PLANE('',#1584);
#1353=PLANE('',#1586);
#1354=PLANE('',#1587);
#1355=PLANE('',#1589);
#1356=PLANE('',#1594);
#1357=PLANE('',#1595);
#1358=PLANE('',#1597);
#1359=PLANE('',#1602);
#1360=PLANE('',#1603);
#1361=PLANE('',#1604);
#1362=PLANE('',#1610);
#1363=PLANE('',#1611);
#1364=PLANE('',#1615);
#1365=ADVANCED_FACE('',(#334,#305),#1326,.F.);
#1366=ADVANCED_FACE('',(#335,#306),#1327,.T.);
#1367=ADVANCED_FACE('',(#336,#307),#1328,.T.);
#1368=ADVANCED_FACE('',(#337,#308),#1329,.F.);
#1369=ADVANCED_FACE('',(#338),#273,.T.);
#1370=ADVANCED_FACE('',(#339),#1330,.T.);
#1371=ADVANCED_FACE('',(#340),#274,.T.);
#1372=ADVANCED_FACE('',(#341),#1331,.T.);
#1373=ADVANCED_FACE('',(#342),#275,.T.);
#1374=ADVANCED_FACE('',(#343),#1332,.T.);
#1375=ADVANCED_FACE('',(#344),#276,.T.);
#1376=ADVANCED_FACE('',(#345),#1333,.T.);
#1377=ADVANCED_FACE('',(#346),#277,.T.);
#1378=ADVANCED_FACE('',(#347),#1334,.T.);
#1379=ADVANCED_FACE('',(#348),#278,.T.);
#1380=ADVANCED_FACE('',(#349,#309,#310,#311,#312,#313),#1335,.T.);
#1381=ADVANCED_FACE('',(#350),#279,.F.);
#1382=ADVANCED_FACE('',(#351),#280,.F.);
#1383=ADVANCED_FACE('',(#352),#281,.F.);
#1384=ADVANCED_FACE('',(#353),#282,.F.);
#1385=ADVANCED_FACE('',(#354),#283,.F.);
#1386=ADVANCED_FACE('',(#355),#31,.F.);
#1387=ADVANCED_FACE('',(#356),#1336,.F.);
#1388=ADVANCED_FACE('',(#357),#284,.F.);
#1389=ADVANCED_FACE('',(#358),#285,.F.);
#1390=ADVANCED_FACE('',(#359,#314),#1337,.F.);
#1391=ADVANCED_FACE('',(#360),#1338,.F.);
#1392=ADVANCED_FACE('',(#361),#1339,.F.);
#1393=ADVANCED_FACE('',(#362),#15,.T.);
#1394=ADVANCED_FACE('',(#363),#16,.T.);
#1395=ADVANCED_FACE('',(#364),#1340,.F.);
#1396=ADVANCED_FACE('',(#365),#1341,.T.);
#1397=ADVANCED_FACE('',(#366),#286,.T.);
#1398=ADVANCED_FACE('',(#367,#315),#1342,.F.);
#1399=ADVANCED_FACE('',(#368),#287,.F.);
#1400=ADVANCED_FACE('',(#369),#288,.F.);
#1401=ADVANCED_FACE('',(#370),#1343,.F.);
#1402=ADVANCED_FACE('',(#371),#1344,.F.);
#1403=ADVANCED_FACE('',(#372),#1345,.F.);
#1404=ADVANCED_FACE('',(#373),#17,.T.);
#1405=ADVANCED_FACE('',(#374),#289,.T.);
#1406=ADVANCED_FACE('',(#375),#18,.F.);
#1407=ADVANCED_FACE('',(#376),#1346,.F.);
#1408=ADVANCED_FACE('',(#377),#1347,.F.);
#1409=ADVANCED_FACE('',(#378),#19,.F.);
#1410=ADVANCED_FACE('',(#379),#290,.F.);
#1411=ADVANCED_FACE('',(#380),#291,.F.);
#1412=ADVANCED_FACE('',(#381),#292,.F.);
#1413=ADVANCED_FACE('',(#382),#293,.F.);
#1414=ADVANCED_FACE('',(#383,#316,#317,#318,#319,#320,#321,#322,#323,#324,
#325),#1348,.F.);
#1415=ADVANCED_FACE('',(#384),#294,.F.);
#1416=ADVANCED_FACE('',(#385),#295,.F.);
#1417=ADVANCED_FACE('',(#386),#32,.T.);
#1418=ADVANCED_FACE('',(#387),#1349,.T.);
#1419=ADVANCED_FACE('',(#388),#296,.F.);
#1420=ADVANCED_FACE('',(#389),#297,.F.);
#1421=ADVANCED_FACE('',(#390,#326),#1350,.T.);
#1422=ADVANCED_FACE('',(#391,#327,#328,#329,#330,#331),#1351,.T.);
#1423=ADVANCED_FACE('',(#392),#298,.F.);
#1424=ADVANCED_FACE('',(#393,#332),#1352,.T.);
#1425=ADVANCED_FACE('',(#394),#1353,.T.);
#1426=ADVANCED_FACE('',(#395),#1354,.T.);
#1427=ADVANCED_FACE('',(#396),#299,.F.);
#1428=ADVANCED_FACE('',(#397),#1355,.T.);
#1429=ADVANCED_FACE('',(#398),#20,.T.);
#1430=ADVANCED_FACE('',(#399),#21,.T.);
#1431=ADVANCED_FACE('',(#400),#1356,.T.);
#1432=ADVANCED_FACE('',(#401),#1357,.F.);
#1433=ADVANCED_FACE('',(#402),#300,.T.);
#1434=ADVANCED_FACE('',(#403,#333),#1358,.T.);
#1435=ADVANCED_FACE('',(#404),#301,.F.);
#1436=ADVANCED_FACE('',(#405),#302,.F.);
#1437=ADVANCED_FACE('',(#406),#1359,.T.);
#1438=ADVANCED_FACE('',(#407),#1360,.T.);
#1439=ADVANCED_FACE('',(#408),#1361,.T.);
#1440=ADVANCED_FACE('',(#409),#22,.T.);
#1441=ADVANCED_FACE('',(#410),#303,.T.);
#1442=ADVANCED_FACE('',(#411),#23,.F.);
#1443=ADVANCED_FACE('',(#412),#1362,.T.);
#1444=ADVANCED_FACE('',(#413),#1363,.T.);
#1445=ADVANCED_FACE('',(#414),#24,.F.);
#1446=ADVANCED_FACE('',(#415),#304,.F.);
#1447=ADVANCED_FACE('',(#416),#1364,.T.);
#1448=CLOSED_SHELL('',(#1365,#1366,#1367,#1368,#1369,#1370,#1371,#1372,
#1373,#1374,#1375,#1376,#1377,#1378,#1379,#1380,#1381,#1382,#1383,#1384,
#1385,#1386,#1387,#1388,#1389,#1390,#1391,#1392,#1393,#1394,#1395,#1396,
#1397,#1398,#1399,#1400,#1401,#1402,#1403,#1404,#1405,#1406,#1407,#1408,
#1409,#1410,#1411,#1412,#1413,#1414,#1415,#1416,#1417,#1418,#1419,#1420,
#1421,#1422,#1423,#1424,#1425,#1426,#1427,#1428,#1429,#1430,#1431,#1432,
#1433,#1434,#1435,#1436,#1437,#1438,#1439,#1440,#1441,#1442,#1443,#1444,
#1445,#1446,#1447));
#1449=DERIVED_UNIT_ELEMENT(#1451,1.);
#1450=DERIVED_UNIT_ELEMENT(#2565,-3.);
#1451=(
MASS_UNIT()
NAMED_UNIT(*)
SI_UNIT(.KILO.,.GRAM.)
);
#1452=DERIVED_UNIT((#1449,#1450));
#1453=MEASURE_REPRESENTATION_ITEM('density measure',
POSITIVE_RATIO_MEASURE(7850.),#1452);
#1454=PROPERTY_DEFINITION_REPRESENTATION(#1459,#1456);
#1455=PROPERTY_DEFINITION_REPRESENTATION(#1460,#1457);
#1456=REPRESENTATION('material name',(#1458),#2562);
#1457=REPRESENTATION('density',(#1453),#2562);
#1458=DESCRIPTIVE_REPRESENTATION_ITEM('Steel','Steel');
#1459=PROPERTY_DEFINITION('material property','material name',#2572);
#1460=PROPERTY_DEFINITION('material property','density of part',#2572);
#1461=AXIS2_PLACEMENT_3D('',#2046,#1616,#1617);
#1462=AXIS2_PLACEMENT_3D('',#2047,#1618,#1619);
#1463=AXIS2_PLACEMENT_3D('',#2049,#1620,#1621);
#1464=AXIS2_PLACEMENT_3D('',#2051,#1622,#1623);
#1465=AXIS2_PLACEMENT_3D('',#2052,#1624,#1625);
#1466=AXIS2_PLACEMENT_3D('',#2054,#1626,#1627);
#1467=AXIS2_PLACEMENT_3D('',#2056,#1628,#1629);
#1468=AXIS2_PLACEMENT_3D('',#2057,#1630,#1631);
#1469=AXIS2_PLACEMENT_3D('',#2059,#1632,#1633);
#1470=AXIS2_PLACEMENT_3D('',#2061,#1634,#1635);
#1471=AXIS2_PLACEMENT_3D('',#2062,#1636,#1637);
#1472=AXIS2_PLACEMENT_3D('',#2064,#1638,#1639);
#1473=AXIS2_PLACEMENT_3D('',#2066,#1640,#1641);
#1474=AXIS2_PLACEMENT_3D('',#2067,#1642,#1643);
#1475=AXIS2_PLACEMENT_3D('',#2070,#1644,#1645);
#1476=AXIS2_PLACEMENT_3D('',#2074,#1647,#1648);
#1477=AXIS2_PLACEMENT_3D('',#2076,#1650,#1651);
#1478=AXIS2_PLACEMENT_3D('',#2082,#1655,#1656);
#1479=AXIS2_PLACEMENT_3D('',#2084,#1657,#1658);
#1480=AXIS2_PLACEMENT_3D('',#2086,#1659,#1660);
#1481=AXIS2_PLACEMENT_3D('',#2088,#1662,#1663);
#1482=AXIS2_PLACEMENT_3D('',#2094,#1667,#1668);
#1483=AXIS2_PLACEMENT_3D('',#2096,#1669,#1670);
#1484=AXIS2_PLACEMENT_3D('',#2098,#1671,#1672);
#1485=AXIS2_PLACEMENT_3D('',#2100,#1674,#1675);
#1486=AXIS2_PLACEMENT_3D('',#2106,#1679,#1680);
#1487=AXIS2_PLACEMENT_3D('',#2108,#1681,#1682);
#1488=AXIS2_PLACEMENT_3D('',#2110,#1683,#1684);
#1489=AXIS2_PLACEMENT_3D('',#2112,#1686,#1687);
#1490=AXIS2_PLACEMENT_3D('',#2118,#1691,#1692);
#1491=AXIS2_PLACEMENT_3D('',#2120,#1693,#1694);
#1492=AXIS2_PLACEMENT_3D('',#2122,#1695,#1696);
#1493=AXIS2_PLACEMENT_3D('',#2124,#1698,#1699);
#1494=AXIS2_PLACEMENT_3D('',#2130,#1703,#1704);
#1495=AXIS2_PLACEMENT_3D('',#2132,#1705,#1706);
#1496=AXIS2_PLACEMENT_3D('',#2134,#1707,#1708);
#1497=AXIS2_PLACEMENT_3D('',#2136,#1710,#1711);
#1498=AXIS2_PLACEMENT_3D('',#2139,#1712,#1713);
#1499=AXIS2_PLACEMENT_3D('',#2143,#1715,#1716);
#1500=AXIS2_PLACEMENT_3D('',#2147,#1719,#1720);
#1501=AXIS2_PLACEMENT_3D('',#2149,#1721,#1722);
#1502=AXIS2_PLACEMENT_3D('',#2151,#1723,#1724);
#1503=AXIS2_PLACEMENT_3D('',#2153,#1725,#1726);
#1504=AXIS2_PLACEMENT_3D('',#2155,#1727,#1728);
#1505=AXIS2_PLACEMENT_3D('',#2156,#1729,#1730);
#1506=AXIS2_PLACEMENT_3D('',#2159,#1732,#1733);
#1507=AXIS2_PLACEMENT_3D('',#2160,#1734,#1735);
#1508=AXIS2_PLACEMENT_3D('',#2163,#1737,#1738);
#1509=AXIS2_PLACEMENT_3D('',#2164,#1739,#1740);
#1510=AXIS2_PLACEMENT_3D('',#2169,#1742,#1743);
#1511=AXIS2_PLACEMENT_3D('',#2173,#1745,#1746);
#1512=AXIS2_PLACEMENT_3D('',#2175,#1748,#1749);
#1513=AXIS2_PLACEMENT_3D('',#2176,#1750,#1751);
#1514=AXIS2_PLACEMENT_3D('',#2178,#1753,#1754);
#1515=AXIS2_PLACEMENT_3D('',#2241,#1757,#1758);
#1516=AXIS2_PLACEMENT_3D('',#2247,#1762,#1763);
#1517=AXIS2_PLACEMENT_3D('',#2249,#1764,#1765);
#1518=AXIS2_PLACEMENT_3D('',#2252,#1767,#1768);
#1519=AXIS2_PLACEMENT_3D('',#2253,#1769,#1770);
#1520=AXIS2_PLACEMENT_3D('',#2255,#1771,#1772);
#1521=AXIS2_PLACEMENT_3D('',#2258,#1774,#1775);
#1522=AXIS2_PLACEMENT_3D('',#2259,#1776,#1777);
#1523=AXIS2_PLACEMENT_3D('',#2260,#1778,#1779);
#1524=AXIS2_PLACEMENT_3D('',#2273,#1786,#1787);
#1525=AXIS2_PLACEMENT_3D('',#2279,#1791,#1792);
#1526=AXIS2_PLACEMENT_3D('',#2282,#1794,#1795);
#1527=AXIS2_PLACEMENT_3D('',#2283,#1796,#1797);
#1528=AXIS2_PLACEMENT_3D('',#2288,#1799,#1800);
#1529=AXIS2_PLACEMENT_3D('',#2291,#1802,#1803);
#1530=AXIS2_PLACEMENT_3D('',#2292,#1804,#1805);
#1531=AXIS2_PLACEMENT_3D('',#2295,#1808,#1809);
#1532=AXIS2_PLACEMENT_3D('',#2297,#1811,#1812);
#1533=AXIS2_PLACEMENT_3D('',#2299,#1814,#1815);
#1534=AXIS2_PLACEMENT_3D('',#2301,#1816,#1817);
#1535=AXIS2_PLACEMENT_3D('',#2303,#1818,#1819);
#1536=AXIS2_PLACEMENT_3D('',#2304,#1820,#1821);
#1537=AXIS2_PLACEMENT_3D('',#2306,#1822,#1823);
#1538=AXIS2_PLACEMENT_3D('',#2308,#1825,#1826);
#1539=AXIS2_PLACEMENT_3D('',#2311,#1828,#1829);
#1540=AXIS2_PLACEMENT_3D('',#2312,#1830,#1831);
#1541=AXIS2_PLACEMENT_3D('',#2318,#1835,#1836);
#1542=AXIS2_PLACEMENT_3D('',#2322,#1839,#1840);
#1543=AXIS2_PLACEMENT_3D('',#2326,#1843,#1844);
#1544=AXIS2_PLACEMENT_3D('',#2331,#1846,#1847);
#1545=AXIS2_PLACEMENT_3D('',#2334,#1849,#1850);
#1546=AXIS2_PLACEMENT_3D('',#2335,#1851,#1852);
#1547=AXIS2_PLACEMENT_3D('',#2338,#1855,#1856);
#1548=AXIS2_PLACEMENT_3D('',#2339,#1857,#1858);
#1549=AXIS2_PLACEMENT_3D('',#2340,#1859,#1860);
#1550=AXIS2_PLACEMENT_3D('',#2341,#1861,#1862);
#1551=AXIS2_PLACEMENT_3D('',#2346,#1866,#1867);
#1552=AXIS2_PLACEMENT_3D('',#2350,#1870,#1871);
#1553=AXIS2_PLACEMENT_3D('',#2351,#1872,#1873);
#1554=AXIS2_PLACEMENT_3D('',#2352,#1874,#1875);
#1555=AXIS2_PLACEMENT_3D('',#2353,#1876,#1877);
#1556=AXIS2_PLACEMENT_3D('',#2354,#1878,#1879);
#1557=AXIS2_PLACEMENT_3D('',#2356,#1880,#1881);
#1558=AXIS2_PLACEMENT_3D('',#2358,#1883,#1884);
#1559=AXIS2_PLACEMENT_3D('',#2360,#1885,#1886);
#1560=AXIS2_PLACEMENT_3D('',#2362,#1888,#1889);
#1561=AXIS2_PLACEMENT_3D('',#2363,#1890,#1891);
#1562=AXIS2_PLACEMENT_3D('',#2364,#1892,#1893);
#1563=AXIS2_PLACEMENT_3D('',#2368,#1895,#1896);
#1564=AXIS2_PLACEMENT_3D('',#2372,#1898,#1899);
#1565=AXIS2_PLACEMENT_3D('',#2376,#1901,#1902);
#1566=AXIS2_PLACEMENT_3D('',#2381,#1905,#1906);
#1567=AXIS2_PLACEMENT_3D('',#2383,#1907,#1908);
#1568=AXIS2_PLACEMENT_3D('',#2385,#1909,#1910);
#1569=AXIS2_PLACEMENT_3D('',#2386,#1911,#1912);
#1570=AXIS2_PLACEMENT_3D('',#2388,#1914,#1915);
#1571=AXIS2_PLACEMENT_3D('',#2451,#1918,#1919);
#1572=AXIS2_PLACEMENT_3D('',#2457,#1923,#1924);
#1573=AXIS2_PLACEMENT_3D('',#2459,#1925,#1926);
#1574=AXIS2_PLACEMENT_3D('',#2461,#1928,#1929);
#1575=AXIS2_PLACEMENT_3D('',#2463,#1930,#1931);
#1576=AXIS2_PLACEMENT_3D('',#2466,#1933,#1934);
#1577=AXIS2_PLACEMENT_3D('',#2467,#1935,#1936);
#1578=AXIS2_PLACEMENT_3D('',#2468,#1937,#1938);
#1579=AXIS2_PLACEMENT_3D('',#2475,#1942,#1943);
#1580=AXIS2_PLACEMENT_3D('',#2478,#1945,#1946);
#1581=AXIS2_PLACEMENT_3D('',#2480,#1947,#1948);
#1582=AXIS2_PLACEMENT_3D('',#2481,#1949,#1950);
#1583=AXIS2_PLACEMENT_3D('',#2483,#1951,#1952);
#1584=AXIS2_PLACEMENT_3D('',#2485,#1954,#1955);
#1585=AXIS2_PLACEMENT_3D('',#2487,#1956,#1957);
#1586=AXIS2_PLACEMENT_3D('',#2488,#1958,#1959);
#1587=AXIS2_PLACEMENT_3D('',#2492,#1962,#1963);
#1588=AXIS2_PLACEMENT_3D('',#2498,#1967,#1968);
#1589=AXIS2_PLACEMENT_3D('',#2500,#1970,#1971);
#1590=AXIS2_PLACEMENT_3D('',#2504,#1974,#1975);
#1591=AXIS2_PLACEMENT_3D('',#2506,#1976,#1977);
#1592=AXIS2_PLACEMENT_3D('',#2508,#1979,#1980);
#1593=AXIS2_PLACEMENT_3D('',#2512,#1982,#1983);
#1594=AXIS2_PLACEMENT_3D('',#2514,#1985,#1986);
#1595=AXIS2_PLACEMENT_3D('',#2516,#1988,#1989);
#1596=AXIS2_PLACEMENT_3D('',#2518,#1991,#1992);
#1597=AXIS2_PLACEMENT_3D('',#2520,#1994,#1995);
#1598=AXIS2_PLACEMENT_3D('',#2522,#1996,#1997);
#1599=AXIS2_PLACEMENT_3D('',#2524,#1998,#1999);
#1600=AXIS2_PLACEMENT_3D('',#2525,#2000,#2001);
#1601=AXIS2_PLACEMENT_3D('',#2527,#2003,#2004);
#1602=AXIS2_PLACEMENT_3D('',#2529,#2006,#2007);
#1603=AXIS2_PLACEMENT_3D('',#2533,#2010,#2011);
#1604=AXIS2_PLACEMENT_3D('',#2537,#2014,#2015);
#1605=AXIS2_PLACEMENT_3D('',#2539,#2017,#2018);
#1606=AXIS2_PLACEMENT_3D('',#2541,#2019,#2020);
#1607=AXIS2_PLACEMENT_3D('',#2543,#2022,#2023);
#1608=AXIS2_PLACEMENT_3D('',#2548,#2027,#2028);
#1609=AXIS2_PLACEMENT_3D('',#2549,#2029,#2030);
#1610=AXIS2_PLACEMENT_3D('',#2550,#2031,#2032);
#1611=AXIS2_PLACEMENT_3D('',#2554,#2035,#2036);
#1612=AXIS2_PLACEMENT_3D('',#2556,#2038,#2039);
#1613=AXIS2_PLACEMENT_3D('',#2557,#2040,#2041);
#1614=AXIS2_PLACEMENT_3D('',#2558,#2042,#2043);
#1615=AXIS2_PLACEMENT_3D('',#2559,#2044,#2045);
#1616=DIRECTION('axis',(0.,0.,1.));
#1617=DIRECTION('refdir',(1.,0.,0.));
#1618=DIRECTION('center_axis',(-6.53072367426563E-14,-6.53072367426563E-14,
1.));
#1619=DIRECTION('ref_axis',(-2.22044604925031E-16,-1.,-6.53072367426563E-14));
#1620=DIRECTION('center_axis',(-6.53072367426563E-14,-6.53072367426563E-14,
1.));
#1621=DIRECTION('ref_axis',(-2.22044604925031E-16,-1.,-6.53072367426563E-14));
#1622=DIRECTION('center_axis',(6.53072367426563E-14,6.53072367426563E-14,
-1.));
#1623=DIRECTION('ref_axis',(2.45105351015518E-8,-1.,-1.05097627909112E-13));
#1624=DIRECTION('center_axis',(0.,0.,-1.));
#1625=DIRECTION('ref_axis',(1.,0.,0.));
#1626=DIRECTION('center_axis',(0.,0.,1.));
#1627=DIRECTION('ref_axis',(1.,0.,0.));
#1628=DIRECTION('center_axis',(0.,0.,-1.));
#1629=DIRECTION('ref_axis',(1.,-2.45105353235964E-8,-3.9790392767171E-14));
#1630=DIRECTION('center_axis',(0.,0.,-1.));
#1631=DIRECTION('ref_axis',(1.,0.,0.));
#1632=DIRECTION('center_axis',(0.,0.,1.));
#1633=DIRECTION('ref_axis',(1.,0.,0.));
#1634=DIRECTION('center_axis',(0.,0.,-1.));
#1635=DIRECTION('ref_axis',(1.,-2.45105353235964E-8,-3.9790392767171E-14));
#1636=DIRECTION('center_axis',(-6.53072367426563E-14,-6.53072367426563E-14,
1.));
#1637=DIRECTION('ref_axis',(-2.22044604925031E-16,-1.,-6.53072367426563E-14));
#1638=DIRECTION('center_axis',(-6.53072367426563E-14,-6.53072367426563E-14,
1.));
#1639=DIRECTION('ref_axis',(-2.22044604925031E-16,-1.,-6.53072367426563E-14));
#1640=DIRECTION('center_axis',(6.53072367426563E-14,6.53072367426563E-14,
-1.));
#1641=DIRECTION('ref_axis',(2.45105351015518E-8,-1.,-1.05097627909112E-13));
#1642=DIRECTION('center_axis',(0.,0.,1.));
#1643=DIRECTION('ref_axis',(-1.,0.,0.));
#1644=DIRECTION('center_axis',(0.,0.,1.));
#1645=DIRECTION('ref_axis',(-1.,0.,0.));
#1646=DIRECTION('',(0.,0.,1.));
#1647=DIRECTION('center_axis',(0.,0.,1.));
#1648=DIRECTION('ref_axis',(-1.,0.,0.));
#1649=DIRECTION('',(0.,0.,1.));
#1650=DIRECTION('center_axis',(0.707106781186557,0.707106781186538,0.));
#1651=DIRECTION('ref_axis',(-0.707106781186538,0.707106781186557,0.));
#1652=DIRECTION('',(0.707106781186538,-0.707106781186557,0.));
#1653=DIRECTION('',(-0.707106781186538,0.707106781186557,0.));
#1654=DIRECTION('',(0.,0.,1.));
#1655=DIRECTION('center_axis',(0.,0.,1.));
#1656=DIRECTION('ref_axis',(-1.,0.,0.));
#1657=DIRECTION('center_axis',(0.,0.,1.));
#1658=DIRECTION('ref_axis',(-1.,0.,0.));
#1659=DIRECTION('center_axis',(0.,0.,1.));
#1660=DIRECTION('ref_axis',(-1.,0.,0.));
#1661=DIRECTION('',(0.,0.,1.));
#1662=DIRECTION('center_axis',(1.,0.,0.));
#1663=DIRECTION('ref_axis',(0.,1.,0.));
#1664=DIRECTION('',(0.,-1.,0.));
#1665=DIRECTION('',(0.,1.,0.));
#1666=DIRECTION('',(0.,0.,1.));
#1667=DIRECTION('center_axis',(0.,0.,1.));
#1668=DIRECTION('ref_axis',(-1.,0.,0.));
#1669=DIRECTION('center_axis',(0.,0.,1.));
#1670=DIRECTION('ref_axis',(-1.,0.,0.));
#1671=DIRECTION('center_axis',(0.,0.,1.));
#1672=DIRECTION('ref_axis',(-1.,0.,0.));
#1673=DIRECTION('',(0.,0.,1.));
#1674=DIRECTION('center_axis',(0.707106781186539,-0.707106781186556,0.));
#1675=DIRECTION('ref_axis',(0.707106781186556,0.707106781186539,0.));
#1676=DIRECTION('',(-0.707106781186556,-0.707106781186539,0.));
#1677=DIRECTION('',(0.707106781186556,0.707106781186539,0.));
#1678=DIRECTION('',(0.,0.,1.));
#1679=DIRECTION('center_axis',(0.,0.,1.));
#1680=DIRECTION('ref_axis',(-1.,0.,0.));
#1681=DIRECTION('center_axis',(0.,0.,1.));
#1682=DIRECTION('ref_axis',(-1.,0.,0.));
#1683=DIRECTION('center_axis',(0.,0.,1.));
#1684=DIRECTION('ref_axis',(-1.,0.,0.));
#1685=DIRECTION('',(0.,0.,1.));
#1686=DIRECTION('center_axis',(0.,-1.,0.));
#1687=DIRECTION('ref_axis',(1.,0.,0.));
#1688=DIRECTION('',(-1.,0.,0.));
#1689=DIRECTION('',(1.,0.,0.));
#1690=DIRECTION('',(0.,0.,1.));
#1691=DIRECTION('center_axis',(0.,0.,1.));
#1692=DIRECTION('ref_axis',(-1.,0.,0.));
#1693=DIRECTION('center_axis',(0.,0.,1.));
#1694=DIRECTION('ref_axis',(-1.,0.,0.));
#1695=DIRECTION('center_axis',(0.,0.,1.));
#1696=DIRECTION('ref_axis',(-1.,0.,0.));
#1697=DIRECTION('',(0.,0.,1.));
#1698=DIRECTION('center_axis',(-0.707106781186557,-0.707106781186538,0.));
#1699=DIRECTION('ref_axis',(0.707106781186538,-0.707106781186557,0.));
#1700=DIRECTION('',(-0.707106781186538,0.707106781186557,0.));
#1701=DIRECTION('',(0.707106781186538,-0.707106781186557,0.));
#1702=DIRECTION('',(0.,0.,1.));
#1703=DIRECTION('center_axis',(0.,0.,1.));
#1704=DIRECTION('ref_axis',(-1.,0.,0.));
#1705=DIRECTION('center_axis',(0.,0.,1.));
#1706=DIRECTION('ref_axis',(-1.,0.,0.));
#1707=DIRECTION('center_axis',(0.,0.,1.));
#1708=DIRECTION('ref_axis',(-1.,0.,0.));
#1709=DIRECTION('',(0.,0.,1.));
#1710=DIRECTION('center_axis',(0.,0.,1.));
#1711=DIRECTION('ref_axis',(-1.,0.,0.));
#1712=DIRECTION('center_axis',(0.,0.,1.));
#1713=DIRECTION('ref_axis',(-1.,0.,0.));
#1714=DIRECTION('',(-0.707106781186556,-0.707106781186539,0.));
#1715=DIRECTION('center_axis',(0.,0.,1.));
#1716=DIRECTION('ref_axis',(-1.,0.,0.));
#1717=DIRECTION('',(0.,-1.,0.));
#1718=DIRECTION('',(-1.,0.,0.));
#1719=DIRECTION('center_axis',(0.,0.,-1.));
#1720=DIRECTION('ref_axis',(-1.,0.,0.));
#1721=DIRECTION('center_axis',(0.,0.,-1.));
#1722=DIRECTION('ref_axis',(-1.,0.,0.));
#1723=DIRECTION('center_axis',(0.,0.,-1.));
#1724=DIRECTION('ref_axis',(-1.,0.,0.));
#1725=DIRECTION('center_axis',(0.,0.,-1.));
#1726=DIRECTION('ref_axis',(-0.707106781496113,0.707106780876982,0.));
#1727=DIRECTION('center_axis',(0.,0.,-1.));
#1728=DIRECTION('ref_axis',(-1.,0.,0.));
#1729=DIRECTION('center_axis',(6.53072367426563E-14,6.53072367426563E-14,
-1.));
#1730=DIRECTION('ref_axis',(-2.22044604925031E-16,-1.,-6.53072367426563E-14));
#1731=DIRECTION('',(6.53072367426563E-14,6.53072367426563E-14,-1.));
#1732=DIRECTION('center_axis',(6.53072367415704E-14,2.7220939058405E-16,
-1.));
#1733=DIRECTION('ref_axis',(-2.22044604929278E-16,-1.,-2.72209390584064E-16));
#1734=DIRECTION('center_axis',(6.53072367426563E-14,6.53072367426563E-14,
-1.));
#1735=DIRECTION('ref_axis',(-2.22044604925031E-16,-1.,-6.53072367426563E-14));
#1736=DIRECTION('',(6.53072367426563E-14,6.53072367426563E-14,-1.));
#1737=DIRECTION('center_axis',(6.53072367415704E-14,2.7220939058405E-16,
-1.));
#1738=DIRECTION('ref_axis',(-2.22044604929278E-16,-1.,-2.72209390584064E-16));
#1739=DIRECTION('center_axis',(-8.30708051366588E-14,-1.05571325102395E-13,
1.));
#1740=DIRECTION('ref_axis',(2.45105351015518E-8,-1.,-1.05571323066285E-13));
#1741=DIRECTION('',(-4.0264088359739E-14,-1.77635683940025E-14,-1.));
#1742=DIRECTION('center_axis',(6.53072367415704E-14,2.7220939058405E-16,
-1.));
#1743=DIRECTION('ref_axis',(2.45105351015518E-8,-1.,-2.72207789868731E-16));
#1744=DIRECTION('',(4.0264088359739E-14,1.77635683940025E-14,1.));
#1745=DIRECTION('center_axis',(6.50350273520722E-14,1.0858901102182E-24,
-1.));
#1746=DIRECTION('ref_axis',(1.,-2.45105353235964E-8,6.50350273520722E-14));
#1747=DIRECTION('',(-8.30708051366588E-14,-1.05571325102395E-13,1.));
#1748=DIRECTION('center_axis',(6.50350273520722E-14,1.0858901102182E-24,
-1.));
#1749=DIRECTION('ref_axis',(1.,-2.45105353235964E-8,6.50350273520722E-14));
#1750=DIRECTION('center_axis',(-8.30708051366588E-14,-1.05097629945222E-13,
1.));
#1751=DIRECTION('ref_axis',(2.45105351015518E-8,-1.,-1.05097627909112E-13));
#1752=DIRECTION('',(-8.30708051366588E-14,-1.05097629945222E-13,1.));
#1753=DIRECTION('center_axis',(-8.30708051366588E-14,-1.05097629945222E-13,
1.));
#1754=DIRECTION('ref_axis',(2.45105351015518E-8,-1.,-1.05097627909112E-13));
#1755=DIRECTION('',(-8.30708051366588E-14,-1.05097629945222E-13,1.));
#1756=DIRECTION('',(0.707106781198554,-0.707106781174541,4.59867088553224E-14));
#1757=DIRECTION('center_axis',(0.707106781186501,3.49490351848773E-16,-0.707106781186594));
#1758=DIRECTION('ref_axis',(-2.1578797024255E-27,-1.,-4.94253995505205E-16));
#1759=DIRECTION('',(2.22044604935287E-16,1.,2.72209390584063E-16));
#1760=DIRECTION('',(0.70710678118579,4.22077796236493E-15,0.707106781187305));
#1761=DIRECTION('',(-2.22044604935287E-16,-1.,-2.72209390584063E-16));
#1762=DIRECTION('center_axis',(-6.53072367426563E-14,-6.53072367426563E-14,
1.));
#1763=DIRECTION('ref_axis',(2.22044604925031E-16,1.,6.53072367426563E-14));
#1764=DIRECTION('center_axis',(6.53072367415704E-14,2.7220939058405E-16,
-1.));
#1765=DIRECTION('ref_axis',(2.22044604929278E-16,1.,2.72209390584064E-16));
#1766=DIRECTION('',(-6.53072367426563E-14,-6.53072367426563E-14,1.));
#1767=DIRECTION('center_axis',(6.53072367426563E-14,6.53072367426563E-14,
-1.));
#1768=DIRECTION('ref_axis',(2.22044604925031E-16,1.,6.53072367426563E-14));
#1769=DIRECTION('center_axis',(-6.53072367426563E-14,-6.53072367426563E-14,
1.));
#1770=DIRECTION('ref_axis',(2.22044604925031E-16,1.,6.53072367426563E-14));
#1771=DIRECTION('center_axis',(-6.53072367426563E-14,-6.53072367426563E-14,
1.));
#1772=DIRECTION('ref_axis',(2.22044604925031E-16,1.,6.53072367426563E-14));
#1773=DIRECTION('',(-6.53072367426563E-14,-6.53072367426563E-14,1.));
#1774=DIRECTION('center_axis',(-6.53072367415704E-14,-2.7220939058405E-16,
1.));
#1775=DIRECTION('ref_axis',(2.22044604929278E-16,1.,2.72209390584064E-16));
#1776=DIRECTION('center_axis',(6.53072367426563E-14,6.53072367426563E-14,
-1.));
#1777=DIRECTION('ref_axis',(2.22044604925031E-16,1.,6.53072367426563E-14));
#1778=DIRECTION('center_axis',(2.22044604920049E-16,1.,1.41589379860331E-13));
#1779=DIRECTION('ref_axis',(6.53072367426563E-14,1.41589379860331E-13,-1.));
#1780=DIRECTION('',(-0.707106781186504,9.9961801397369E-14,-0.707106781186591));
#1781=DIRECTION('',(-6.53072367426565E-14,-1.41589379860331E-13,1.));
#1782=DIRECTION('',(0.707106781186583,1.00275819889108E-13,-0.707106781186512));
#1783=DIRECTION('',(-1.,-2.22044604925031E-16,-6.53072367415704E-14));
#1784=DIRECTION('',(-6.53072367426563E-14,0.,1.));
#1785=DIRECTION('',(-1.,-2.22044604925031E-16,-6.53072367415704E-14));
#1786=DIRECTION('center_axis',(0.707106781186591,-1.53462059856753E-15,
-0.707106781186504));
#1787=DIRECTION('ref_axis',(-2.282569029257E-27,-1.,2.17028126358917E-15));
#1788=DIRECTION('',(2.88657986402967E-15,1.,2.7220939058424E-16));
#1789=DIRECTION('',(-2.88657986402967E-15,-1.,-2.7220939058424E-16));
#1790=DIRECTION('',(0.707106781186504,4.22077796246183E-15,0.707106781186591));
#1791=DIRECTION('center_axis',(6.53072367426563E-14,6.53072367426563E-14,
-1.));
#1792=DIRECTION('ref_axis',(-0.923879532511283,0.382683432365099,-3.53440218364492E-14));
#1793=DIRECTION('',(-0.499999999997825,0.499999999997882,-0.707106781189583));
#1794=DIRECTION('center_axis',(6.53072367426563E-14,6.53072367426563E-14,
-1.));
#1795=DIRECTION('ref_axis',(-0.923879532511283,0.382683432365099,-3.53440218364492E-14));
#1796=DIRECTION('center_axis',(-6.53072367426563E-14,-6.0953420958608E-15,
1.));
#1797=DIRECTION('ref_axis',(-0.923879532511281,0.382683432365105,-5.80034329167253E-14));
#1798=DIRECTION('',(0.500000000003605,-0.50000000000357,-0.707106781181474));
#1799=DIRECTION('center_axis',(6.53072367415704E-14,2.7220939058405E-16,
-1.));
#1800=DIRECTION('ref_axis',(-0.92387953251128,0.382683432365105,-6.02318493264949E-14));
#1801=DIRECTION('',(0.707106781187306,4.4670669754992E-15,-0.70710678118579));
#1802=DIRECTION('center_axis',(-6.53072367415704E-14,-2.7220939058405E-16,
1.));
#1803=DIRECTION('ref_axis',(-0.923879532511281,0.382683432365105,-6.02318493264949E-14));
#1804=DIRECTION('center_axis',(0.707106781186512,-1.91958281053681E-15,
0.707106781186583));
#1805=DIRECTION('ref_axis',(1.94178111820152E-27,1.,2.71470004475734E-15));
#1806=DIRECTION('',(2.88657986402967E-15,1.,2.7220939058424E-16));
#1807=DIRECTION('',(-2.88657986402967E-15,-1.,-2.7220939058424E-16));
#1808=DIRECTION('center_axis',(-1.,2.44249065417536E-15,-6.53072367426561E-14));
#1809=DIRECTION('ref_axis',(2.4424906541711E-15,1.,6.53072367426565E-14));
#1810=DIRECTION('',(6.53072367426563E-14,6.53072367426563E-14,-1.));
#1811=DIRECTION('center_axis',(-6.53072367426563E-14,-6.53072367426563E-14,
1.));
#1812=DIRECTION('ref_axis',(-0.923879532511281,0.382683432365105,-3.53440218364486E-14));
#1813=DIRECTION('',(-6.53072367426563E-14,-6.53072367426563E-14,1.));
#1814=DIRECTION('center_axis',(6.53072367426563E-14,6.53072367426563E-14,
-1.));
#1815=DIRECTION('ref_axis',(2.22044604925031E-16,1.,6.53072367426563E-14));
#1816=DIRECTION('center_axis',(-6.53072367426563E-14,-6.53072367426563E-14,
1.));
#1817=DIRECTION('ref_axis',(2.22044604925031E-16,1.,6.53072367426563E-14));
#1818=DIRECTION('center_axis',(6.53072367426563E-14,6.53072367426563E-14,
-1.));
#1819=DIRECTION('ref_axis',(2.22044604925031E-16,1.,6.53072367426563E-14));
#1820=DIRECTION('center_axis',(-6.53072367426563E-14,1.26217744835362E-29,
1.));
#1821=DIRECTION('ref_axis',(2.22044604929296E-16,1.,1.87934509801092E-30));
#1822=DIRECTION('center_axis',(6.53072367415704E-14,2.7220939058405E-16,
-1.));
#1823=DIRECTION('ref_axis',(2.22044604929278E-16,1.,2.72209390584064E-16));
#1824=DIRECTION('',(-6.53072367426563E-14,1.26217744835362E-29,1.));
#1825=DIRECTION('center_axis',(-6.53072367426563E-14,-6.53072367426563E-14,
1.));
#1826=DIRECTION('ref_axis',(2.22044604925031E-16,1.,6.53072367426563E-14));
#1827=DIRECTION('',(-6.53072367426563E-14,-6.53072367426563E-14,1.));
#1828=DIRECTION('center_axis',(-6.53072367415704E-14,-2.7220939058405E-16,
1.));
#1829=DIRECTION('ref_axis',(2.22044604929278E-16,1.,2.72209390584064E-16));
#1830=DIRECTION('center_axis',(0.500000000002164,-0.500000000002128,-0.707106781183513));
#1831=DIRECTION('ref_axis',(-3.76365605347928E-14,-0.816496580925412,0.577350269192898));
#1832=DIRECTION('',(0.707106781186555,0.70710678118654,4.63716710665048E-14));
#1833=DIRECTION('',(-0.707106781186555,-0.70710678118654,-4.63716710665048E-14));
#1834=DIRECTION('',(0.499999999997822,-0.499999999997883,0.707106781189584));
#1835=DIRECTION('center_axis',(0.70710678118654,-0.707106781186555,-1.0097419586829E-27));
#1836=DIRECTION('ref_axis',(-0.707106781186555,-0.70710678118654,-9.2358379922575E-14));
#1837=DIRECTION('',(-0.707106781186555,-0.70710678118654,-4.63716710665048E-14));
#1838=DIRECTION('',(1.0645079589053E-13,1.06450795890529E-13,-1.));
#1839=DIRECTION('center_axis',(0.499999999996384,-0.499999999996441,0.707106781191621));
#1840=DIRECTION('ref_axis',(-3.74145159298678E-14,0.816496580931604,0.577350269184142));
#1841=DIRECTION('',(0.707106781186555,0.70710678118654,4.63716710665048E-14));
#1842=DIRECTION('',(0.500000000000881,-0.500000000000846,-0.707106781185326));
#1843=DIRECTION('center_axis',(-6.53072367426563E-14,-6.09534209590989E-15,
1.));
#1844=DIRECTION('ref_axis',(-0.707106781186547,-0.707106781186548,-5.04892476909572E-14));
#1845=DIRECTION('',(0.500000000000035,-0.499999999999989,-0.70710678118653));
#1846=DIRECTION('center_axis',(6.53072367415704E-14,2.7220939058405E-16,
-1.));
#1847=DIRECTION('ref_axis',(-0.707106781186547,-0.707106781186548,-4.63716710665043E-14));
#1848=DIRECTION('',(0.707106781187099,2.55681860365063E-13,-0.707106781185996));
#1849=DIRECTION('center_axis',(-6.53072367415704E-14,-2.7220939058405E-16,
1.));
#1850=DIRECTION('ref_axis',(-0.707106781186547,-0.707106781186548,-4.63716710665043E-14));
#1851=DIRECTION('center_axis',(-1.0645079589053E-13,-1.4628821030355E-13,
1.));
#1852=DIRECTION('ref_axis',(-0.707106781186547,-0.707106781186548,-1.78713465150183E-13));
#1853=DIRECTION('',(-6.53072367426563E-14,1.26217744835362E-29,1.));
#1854=DIRECTION('',(1.0645079589053E-13,1.4628821030355E-13,-1.));
#1855=DIRECTION('center_axis',(-6.53072367426563E-14,5.74703683321136E-15,
1.));
#1856=DIRECTION('ref_axis',(0.92387953251128,-0.382683432365106,6.25353151326708E-14));
#1857=DIRECTION('center_axis',(6.53072367415704E-14,2.7220939058405E-16,
-1.));
#1858=DIRECTION('ref_axis',(0.92387953251128,-0.382683432365106,6.02318493264949E-14));
#1859=DIRECTION('center_axis',(-6.53072367415704E-14,-2.7220939058405E-16,
1.));
#1860=DIRECTION('ref_axis',(0.92387953251128,-0.382683432365106,6.02318493264949E-14));
#1861=DIRECTION('center_axis',(1.,2.22044604919012E-16,1.0645079589053E-13));
#1862=DIRECTION('ref_axis',(2.22044604934587E-16,-1.,-1.46309497230874E-13));
#1863=DIRECTION('',(2.22044604935287E-16,1.,2.72209390584063E-16));
#1864=DIRECTION('',(-2.22044604935287E-16,-1.,-2.72209390584063E-16));
#1865=DIRECTION('',(-1.0645079589053E-13,-1.06450795890529E-13,1.));
#1866=DIRECTION('center_axis',(0.707106781186478,-3.54718601205224E-17,
0.707106781186617));
#1867=DIRECTION('ref_axis',(2.14539043192214E-27,1.,5.01647856628938E-17));
#1868=DIRECTION('',(2.22044604935287E-16,1.,2.72209390584063E-16));
#1869=DIRECTION('',(0.707106781186617,4.46706697558753E-15,-0.707106781186478));
#1870=DIRECTION('center_axis',(6.53072367426563E-14,6.09534209578016E-15,
-1.));
#1871=DIRECTION('ref_axis',(0.92387953251128,-0.382683432365106,5.80034329167561E-14));
#1872=DIRECTION('center_axis',(-6.53072367415704E-14,-2.7220939058405E-16,
1.));
#1873=DIRECTION('ref_axis',(0.92387953251128,-0.382683432365106,6.02318493264949E-14));
#1874=DIRECTION('center_axis',(6.53072367415704E-14,2.7220939058405E-16,
-1.));
#1875=DIRECTION('ref_axis',(0.92387953251128,-0.382683432365106,6.02318493264949E-14));
#1876=DIRECTION('center_axis',(-1.0645079589053E-13,-1.06450795890529E-13,
1.));
#1877=DIRECTION('ref_axis',(0.92387953251128,-0.382683432365106,5.76107555934116E-14));
#1878=DIRECTION('center_axis',(0.,0.,1.));
#1879=DIRECTION('ref_axis',(1.,0.,0.));
#1880=DIRECTION('center_axis',(-6.50350273520722E-14,-1.0858901102182E-24,
1.));
#1881=DIRECTION('ref_axis',(1.,-7.06208930193853E-38,6.50350273520722E-14));
#1882=DIRECTION('',(0.,0.,1.));
#1883=DIRECTION('center_axis',(0.,0.,1.));
#1884=DIRECTION('ref_axis',(1.,0.,0.));
#1885=DIRECTION('center_axis',(-6.50350273520722E-14,-1.0858901102182E-24,
1.));
#1886=DIRECTION('ref_axis',(1.,-7.06208930193853E-38,6.50350273520722E-14));
#1887=DIRECTION('',(0.,0.,1.));
#1888=DIRECTION('center_axis',(-4.0264088359739E-14,-1.77635683940025E-14,
-1.));
#1889=DIRECTION('ref_axis',(1.,-2.45105353235964E-8,-4.02640879243444E-14));
#1890=DIRECTION('center_axis',(-6.50350273520722E-14,-1.0858901102182E-24,
1.));
#1891=DIRECTION('ref_axis',(1.,-2.45105353235964E-8,6.50350273520722E-14));
#1892=DIRECTION('center_axis',(-6.50350273520722E-14,-1.0858901102182E-24,
1.));
#1893=DIRECTION('ref_axis',(1.,0.,6.50350273520722E-14));
#1894=DIRECTION('',(-0.707106781186547,-0.707106781186548,-4.59867088560707E-14));
#1895=DIRECTION('center_axis',(-6.50350273520722E-14,-1.0858901102182E-24,
1.));
#1896=DIRECTION('ref_axis',(0.707106781186548,0.707106781186547,4.59867088560707E-14));
#1897=DIRECTION('',(-1.,-6.00849379005198E-27,-6.50350273520722E-14));
#1898=DIRECTION('center_axis',(6.50350273520722E-14,1.0858901102182E-24,
-1.));
#1899=DIRECTION('ref_axis',(0.382683432365106,-0.92387953251128,2.48878274900463E-14));
#1900=DIRECTION('',(-0.70710678118654,-0.707106781186555,-4.59867088560702E-14));
#1901=DIRECTION('center_axis',(-6.50350273520722E-14,-1.0858901102182E-24,
1.));
#1902=DIRECTION('ref_axis',(-0.382683432365105,0.92387953251128,-2.48878274900463E-14));
#1903=DIRECTION('',(-1.,-2.66453525910039E-15,-6.50350273520722E-14));
#1904=DIRECTION('',(8.2834024797732E-38,1.,1.0858901102182E-24));
#1905=DIRECTION('center_axis',(6.53072367415704E-14,2.7220939058405E-16,
-1.));
#1906=DIRECTION('ref_axis',(2.22044604929278E-16,1.,2.72209390584064E-16));
#1907=DIRECTION('center_axis',(-6.50350273520722E-14,-1.0858901102182E-24,
1.));
#1908=DIRECTION('ref_axis',(-1.,-2.95589485143776E-40,-6.50350273520722E-14));
#1909=DIRECTION('center_axis',(-6.50350273520722E-14,-1.0858901102182E-24,
1.));
#1910=DIRECTION('ref_axis',(-1.,7.06208930193853E-38,-6.50350273520722E-14));
#1911=DIRECTION('center_axis',(-3.97903932025656E-14,-1.77635683940025E-14,
-1.));
#1912=DIRECTION('ref_axis',(1.,-2.45105353235964E-8,-3.9790392767171E-14));
#1913=DIRECTION('',(-3.97903932025656E-14,-1.77635683940025E-14,-1.));
#1914=DIRECTION('center_axis',(-3.97903932025656E-14,-1.77635683940025E-14,
-1.));
#1915=DIRECTION('ref_axis',(1.,-2.45105353235964E-8,-3.9790392767171E-14));
#1916=DIRECTION('',(-3.97903932025656E-14,-1.77635683940025E-14,-1.));
#1917=DIRECTION('',(0.707106781174541,-0.707106781198554,4.59867088537542E-14));
#1918=DIRECTION('center_axis',(-4.59867088553131E-14,0.707106781186455,
0.70710678118664));
#1919=DIRECTION('ref_axis',(1.,-1.89326617253043E-29,6.50350273520782E-14));
#1920=DIRECTION('',(1.,6.00849379005198E-27,6.50350273520722E-14));
#1921=DIRECTION('',(-5.02429586778307E-14,-0.707106781185836,0.707106781187259));
#1922=DIRECTION('',(-1.,-6.00849379005198E-27,-6.50350273520722E-14));
#1923=DIRECTION('center_axis',(0.,0.,-1.));
#1924=DIRECTION('ref_axis',(-1.,0.,0.));
#1925=DIRECTION('center_axis',(0.,0.,1.));
#1926=DIRECTION('ref_axis',(-1.,0.,0.));
#1927=DIRECTION('',(0.,0.,-1.));
#1928=DIRECTION('center_axis',(0.,0.,-1.));
#1929=DIRECTION('ref_axis',(-1.,0.,0.));
#1930=DIRECTION('center_axis',(6.50350273520722E-14,1.0858901102182E-24,
-1.));
#1931=DIRECTION('ref_axis',(-1.,7.06208930193853E-38,-6.50350273520722E-14));
#1932=DIRECTION('',(0.,0.,-1.));
#1933=DIRECTION('center_axis',(0.,0.,-1.));
#1934=DIRECTION('ref_axis',(-1.,0.,0.));
#1935=DIRECTION('center_axis',(0.,0.,1.));
#1936=DIRECTION('ref_axis',(-1.,0.,0.));
#1937=DIRECTION('center_axis',(-6.50350273520722E-14,-1.0858901102182E-24,
1.));
#1938=DIRECTION('ref_axis',(1.,0.,6.50350273520722E-14));
#1939=DIRECTION('',(8.2834024797732E-38,1.,1.0858901102182E-24));
#1940=DIRECTION('',(1.,2.66453525910039E-15,6.50350273520722E-14));
#1941=DIRECTION('',(0.70710678118654,0.707106781186555,4.59867088560702E-14));
#1942=DIRECTION('center_axis',(-6.50350273520722E-14,-1.0858901102182E-24,
1.));
#1943=DIRECTION('ref_axis',(0.382683432365107,-0.92387953251128,2.48878274900464E-14));
#1944=DIRECTION('',(-1.,-6.00849379005198E-27,-6.50350273520722E-14));
#1945=DIRECTION('center_axis',(6.50350273520722E-14,1.0858901102182E-24,
-1.));
#1946=DIRECTION('ref_axis',(-1.,7.06208930193853E-38,-6.50350273520722E-14));
#1947=DIRECTION('center_axis',(6.50350273520722E-14,1.0858901102182E-24,
-1.));
#1948=DIRECTION('ref_axis',(-1.,7.06208930193853E-38,-6.50350273520722E-14));
#1949=DIRECTION('center_axis',(6.53072367426563E-14,0.,-1.));
#1950=DIRECTION('ref_axis',(-1.,0.,-6.53072367426563E-14));
#1951=DIRECTION('center_axis',(0.,0.,1.));
#1952=DIRECTION('ref_axis',(-1.,0.,0.));
#1953=DIRECTION('',(6.53072367426563E-14,0.,-1.));
#1954=DIRECTION('center_axis',(0.,0.,1.));
#1955=DIRECTION('ref_axis',(-1.,0.,0.));
#1956=DIRECTION('center_axis',(0.,0.,-1.));
#1957=DIRECTION('ref_axis',(-1.,0.,0.));
#1958=DIRECTION('center_axis',(-0.499999999999966,0.500000000000012,-0.707106781186563));
#1959=DIRECTION('ref_axis',(-0.81649658092775,3.60822483003176E-16,0.577350269189591));
#1960=DIRECTION('',(0.707106781186547,0.707106781186548,4.59867088560707E-14));
#1961=DIRECTION('',(0.500000000000036,-0.499999999999988,-0.70710678118653));
#1962=DIRECTION('center_axis',(1.,0.,-7.62821431176744E-14));
#1963=DIRECTION('ref_axis',(-7.62821431176744E-14,0.,-1.));
#1964=DIRECTION('',(-5.393962068195E-14,0.707106781186551,-0.707106781186544));
#1965=DIRECTION('',(-5.39396206819511E-14,-0.707106781186537,-0.707106781186558));
#1966=DIRECTION('',(7.62821431176744E-14,2.03256459976786E-28,1.));
#1967=DIRECTION('center_axis',(0.,0.,-1.));
#1968=DIRECTION('ref_axis',(-1.,0.,0.));
#1969=DIRECTION('',(0.,0.,-1.));
#1970=DIRECTION('center_axis',(-4.78708198057236E-14,0.707106781186544,
0.707106781186551));
#1971=DIRECTION('ref_axis',(1.,-2.52435489670724E-29,6.76995626111726E-14));
#1972=DIRECTION('',(-1.,-2.66453525910039E-15,-6.50350273520722E-14));
#1973=DIRECTION('',(-5.02429586778808E-14,-0.707106781186551,0.707106781186544));
#1974=DIRECTION('center_axis',(0.,0.,-1.));
#1975=DIRECTION('ref_axis',(-0.382683432365099,0.923879532511283,0.));
#1976=DIRECTION('center_axis',(0.,0.,1.));
#1977=DIRECTION('ref_axis',(-0.382683432365099,0.923879532511283,0.));
#1978=DIRECTION('',(-0.499999999997836,0.499999999997871,-0.707106781189583));
#1979=DIRECTION('center_axis',(-5.92118946467955E-14,0.,1.));
#1980=DIRECTION('ref_axis',(-0.382683432365105,0.923879532511281,-2.26594110802767E-14));
#1981=DIRECTION('',(0.500000000003616,-0.500000000003559,-0.707106781181474));
#1982=DIRECTION('center_axis',(6.50350273520722E-14,1.0858901102182E-24,
-1.));
#1983=DIRECTION('ref_axis',(-0.382683432365105,0.923879532511281,-2.48878274900462E-14));
#1984=DIRECTION('',(4.18691322316104E-14,-0.707106781187259,-0.707106781185836));
#1985=DIRECTION('center_axis',(4.41025979048816E-14,0.707106781186558,-0.707106781186537));
#1986=DIRECTION('ref_axis',(-1.,-5.67979851759128E-29,-6.23704920929718E-14));
#1987=DIRECTION('',(1.,2.66453525910039E-15,6.50350273520722E-14));
#1988=DIRECTION('center_axis',(2.66453525910039E-15,-1.,0.));
#1989=DIRECTION('ref_axis',(-1.,-2.66453525910039E-15,0.));
#1990=DIRECTION('',(0.,0.,-1.));
#1991=DIRECTION('center_axis',(0.,0.,-1.));
#1992=DIRECTION('ref_axis',(-0.382683432365105,0.923879532511281,0.));
#1993=DIRECTION('',(0.,0.,1.));
#1994=DIRECTION('center_axis',(0.,0.,1.));
#1995=DIRECTION('ref_axis',(-1.,0.,0.));
#1996=DIRECTION('center_axis',(0.,0.,-1.));
#1997=DIRECTION('ref_axis',(-1.,0.,0.));
#1998=DIRECTION('center_axis',(0.,0.,1.));
#1999=DIRECTION('ref_axis',(-1.,0.,0.));
#2000=DIRECTION('center_axis',(6.53072367426563E-14,0.,-1.));
#2001=DIRECTION('ref_axis',(-1.,0.,-6.53072367426563E-14));
#2002=DIRECTION('',(6.53072367426563E-14,0.,-1.));
#2003=DIRECTION('center_axis',(0.,0.,-1.));
#2004=DIRECTION('ref_axis',(-1.,0.,0.));
#2005=DIRECTION('',(0.,0.,-1.));
#2006=DIRECTION('center_axis',(-0.500000000002174,0.500000000002117,0.707106781183513));
#2007=DIRECTION('ref_axis',(0.816496580925375,3.05311331771918E-16,0.577350269192951));
#2008=DIRECTION('',(-0.70710678118654,-0.707106781186555,-4.59867088560702E-14));
#2009=DIRECTION('',(0.499999999997837,-0.499999999997868,0.707106781189584));
#2010=DIRECTION('center_axis',(-0.707106781186555,0.70710678118654,0.));
#2011=DIRECTION('ref_axis',(0.70710678118654,0.707106781186555,0.));
#2012=DIRECTION('',(0.70710678118654,0.707106781186555,4.59867088560702E-14));
#2013=DIRECTION('',(-4.11435591478726E-14,-4.11435591478735E-14,-1.));
#2014=DIRECTION('center_axis',(-0.499999999996395,0.49999999999643,-0.707106781191621));
#2015=DIRECTION('ref_axis',(-0.816496580931641,8.32667268468868E-17,0.577350269184089));
#2016=DIRECTION('',(0.500000000000892,-0.500000000000835,-0.707106781185326));
#2017=DIRECTION('center_axis',(-5.92118946467464E-14,0.,1.));
#2018=DIRECTION('ref_axis',(0.707106781186548,0.707106781186547,4.18691322316178E-14));
#2019=DIRECTION('center_axis',(6.50350273520722E-14,1.0858901102182E-24,
-1.));
#2020=DIRECTION('ref_axis',(0.707106781186548,0.707106781186547,4.59867088560707E-14));
#2021=DIRECTION('',(-2.0934566115794E-13,-0.707106781187053,-0.707106781186043));
#2022=DIRECTION('center_axis',(-8.09809735608938E-14,-4.11435591478735E-14,
-1.));
#2023=DIRECTION('ref_axis',(0.707106781186548,0.707106781186547,-8.63550852276077E-14));
#2024=DIRECTION('',(-8.09809735608938E-14,-4.11435591478735E-14,-1.));
#2025=DIRECTION('',(0.,0.,1.));
#2026=DIRECTION('',(-6.53072367426563E-14,0.,1.));
#2027=DIRECTION('center_axis',(-7.10542735758676E-14,0.,1.));
#2028=DIRECTION('ref_axis',(0.382683432365107,-0.92387953251128,2.71912932962223E-14));
#2029=DIRECTION('center_axis',(6.50350273520722E-14,1.0858901102182E-24,
-1.));
#2030=DIRECTION('ref_axis',(0.382683432365107,-0.92387953251128,2.48878274900464E-14));
#2031=DIRECTION('center_axis',(-3.33272129550843E-27,1.,-4.11435591478735E-14));
#2032=DIRECTION('ref_axis',(1.,7.17464813734306E-43,-8.10022604882174E-14));
#2033=DIRECTION('',(4.11435591478726E-14,4.11435591478735E-14,1.));
#2034=DIRECTION('',(1.,6.00849379005198E-27,6.50350273520722E-14));
#2035=DIRECTION('center_axis',(4.59867088553002E-14,0.707106781186524,-0.707106781186571));
#2036=DIRECTION('ref_axis',(-1.,6.31088724176809E-29,-6.50350273520662E-14));
#2037=DIRECTION('',(4.18691322315668E-14,-0.707106781186571,-0.707106781186524));
#2038=DIRECTION('center_axis',(5.92118946468761E-14,0.,-1.));
#2039=DIRECTION('ref_axis',(0.382683432365107,-0.92387953251128,2.26594110803076E-14));
#2040=DIRECTION('center_axis',(-6.50350273520722E-14,-1.0858901102182E-24,
1.));
#2041=DIRECTION('ref_axis',(0.382683432365107,-0.92387953251128,2.48878274900464E-14));
#2042=DIRECTION('center_axis',(-4.11435591478726E-14,-4.11435591478735E-14,
-1.));
#2043=DIRECTION('ref_axis',(0.382683432365107,-0.92387953251128,2.22667337569629E-14));
#2044=DIRECTION('center_axis',(-0.707106781186548,0.707106781186547,2.81693058763854E-14));
#2045=DIRECTION('ref_axis',(0.707106781186547,0.707106781186548,-8.65741495790798E-14));
#2046=CARTESIAN_POINT('',(0.,0.,0.));
#2047=CARTESIAN_POINT('Origin',(226.660202798109,-90.1098741525801,-313.948050502389));
#2048=CARTESIAN_POINT('',(226.660202798109,-86.8598741525801,-313.948050502389));
#2049=CARTESIAN_POINT('Origin',(226.660202798109,-90.1098741525801,-313.948050502389));
#2050=CARTESIAN_POINT('',(226.660202798109,-88.4598741525801,-313.948050502389));
#2051=CARTESIAN_POINT('Origin',(226.660202798109,-90.1098741525807,-313.948050502389));
#2052=CARTESIAN_POINT('Origin',(270.500823229094,-90.1098741551608,-313.948050502388));
#2053=CARTESIAN_POINT('',(267.250823229094,-90.1098741551608,-313.948050502388));
#2054=CARTESIAN_POINT('Origin',(270.500823229094,-90.1098741551608,-313.948050502388));
#2055=CARTESIAN_POINT('',(268.850823229094,-90.1098741551608,-313.948050502388));
#2056=CARTESIAN_POINT('Origin',(270.500823229095,-90.1098741551599,-313.948050502388));
#2057=CARTESIAN_POINT('Origin',(248.580513012683,-68.1895639380057,-313.948050502388));
#2058=CARTESIAN_POINT('',(245.330513012683,-68.1895639380057,-313.948050502388));
#2059=CARTESIAN_POINT('Origin',(248.580513012683,-68.1895639380057,-313.948050502388));
#2060=CARTESIAN_POINT('',(246.930513012683,-68.1895639380057,-313.948050502388));
#2061=CARTESIAN_POINT('Origin',(248.580513012684,-68.1895639380048,-313.948050502388));
#2062=CARTESIAN_POINT('Origin',(248.580513015264,-112.030184368991,-313.948050502389));
#2063=CARTESIAN_POINT('',(248.580513015264,-108.780184368991,-313.948050502389));
#2064=CARTESIAN_POINT('Origin',(248.580513015264,-112.030184368991,-313.948050502389));
#2065=CARTESIAN_POINT('',(248.580513015264,-110.380184368991,-313.948050502389));
#2066=CARTESIAN_POINT('Origin',(248.580513015264,-112.030184368991,-313.948050502389));
#2067=CARTESIAN_POINT('Origin',(250.24497069836,-64.798016068598,-315.848050502387));
#2068=CARTESIAN_POINT('',(251.305630870173,-63.7373558968545,-315.848050502387));
#2069=CARTESIAN_POINT('',(250.244970698358,-63.2980160686003,-315.848050502387));
#2070=CARTESIAN_POINT('Origin',(250.24497069836,-64.798016068598,-315.848050502387));
#2071=CARTESIAN_POINT('',(250.244970698358,-63.2980160686003,-304.848050502387));
#2072=CARTESIAN_POINT('',(250.244970698358,-63.2980160686003,-315.848050502387));
#2073=CARTESIAN_POINT('',(251.305630870173,-63.7373558968545,-304.848050502387));
#2074=CARTESIAN_POINT('Origin',(250.24497069836,-64.798016068598,-304.848050502387));
#2075=CARTESIAN_POINT('',(251.305630870173,-63.7373558968545,-315.848050502387));
#2076=CARTESIAN_POINT('Origin',(274.953031267701,-87.3847562943833,-315.848050502387));
#2077=CARTESIAN_POINT('',(274.953031267701,-87.3847562943833,-315.848050502387));
#2078=CARTESIAN_POINT('',(251.305630870138,-63.7373558968193,-315.848050502387));
#2079=CARTESIAN_POINT('',(274.953031267701,-87.3847562943833,-304.848050502387));
#2080=CARTESIAN_POINT('',(251.305630870138,-63.7373558968193,-304.848050502387));
#2081=CARTESIAN_POINT('',(274.953031267701,-87.3847562943833,-315.848050502387));
#2082=CARTESIAN_POINT('Origin',(273.892371095925,-88.4454164661614,-315.848050502387));
#2083=CARTESIAN_POINT('',(275.392371095921,-88.4454164661614,-315.848050502387));
#2084=CARTESIAN_POINT('Origin',(273.892371095925,-88.4454164661614,-315.848050502387));
#2085=CARTESIAN_POINT('',(275.392371095921,-88.4454164661614,-304.848050502387));
#2086=CARTESIAN_POINT('Origin',(273.892371095925,-88.4454164661614,-304.848050502387));
#2087=CARTESIAN_POINT('',(275.392371095921,-88.4454164661614,-315.848050502387));
#2088=CARTESIAN_POINT('Origin',(275.3923710985,-91.7743318356739,-315.848050502387));
#2089=CARTESIAN_POINT('',(275.3923710985,-91.7743318356761,-315.848050502387));
#2090=CARTESIAN_POINT('',(275.3923710985,-90.1098741522083,-315.848050502387));
#2091=CARTESIAN_POINT('',(275.3923710985,-91.7743318356761,-304.848050502387));
#2092=CARTESIAN_POINT('',(275.3923710985,-90.1098741522083,-304.848050502387));
#2093=CARTESIAN_POINT('',(275.3923710985,-91.7743318356761,-315.848050502387));
#2094=CARTESIAN_POINT('Origin',(273.892371098502,-91.7743318356761,-315.848050502387));
#2095=CARTESIAN_POINT('',(274.953031198716,-92.8349920790187,-315.848050502387));
#2096=CARTESIAN_POINT('Origin',(273.892371098502,-91.7743318356761,-315.848050502387));
#2097=CARTESIAN_POINT('',(274.953031198716,-92.8349920790187,-304.848050502387));
#2098=CARTESIAN_POINT('Origin',(273.892371098502,-91.7743318356761,-304.848050502387));
#2099=CARTESIAN_POINT('',(274.953031198716,-92.8349920790187,-315.848050502387));
#2100=CARTESIAN_POINT('Origin',(251.305630872717,-116.482392405017,-315.848050502387));
#2101=CARTESIAN_POINT('',(251.305630872717,-116.482392405017,-315.848050502387));
#2102=CARTESIAN_POINT('',(274.953031270281,-92.8349920074538,-315.848050502387));
#2103=CARTESIAN_POINT('',(251.305630872717,-116.482392405017,-304.848050502387));
#2104=CARTESIAN_POINT('',(274.953031270281,-92.8349920074538,-304.848050502387));
#2105=CARTESIAN_POINT('',(251.305630872717,-116.482392405017,-315.848050502387));
#2106=CARTESIAN_POINT('Origin',(250.244970700939,-115.421732233242,-315.848050502387));
#2107=CARTESIAN_POINT('',(250.244970700937,-116.921732233237,-315.848050502387));
#2108=CARTESIAN_POINT('Origin',(250.244970700939,-115.421732233242,-315.848050502387));
#2109=CARTESIAN_POINT('',(250.244970700937,-116.921732233237,-304.848050502387));
#2110=CARTESIAN_POINT('Origin',(250.244970700939,-115.421732233242,-304.848050502387));
#2111=CARTESIAN_POINT('',(250.244970700937,-116.921732233237,-315.848050502387));
#2112=CARTESIAN_POINT('Origin',(246.916055331426,-116.921732235816,-315.848050502387));
#2113=CARTESIAN_POINT('',(246.916055331426,-116.921732235816,-315.848050502387));
#2114=CARTESIAN_POINT('',(248.580513014892,-116.921732235816,-315.848050502387));
#2115=CARTESIAN_POINT('',(246.916055331426,-116.921732235816,-304.848050502387));
#2116=CARTESIAN_POINT('',(248.580513014892,-116.921732235816,-304.848050502387));
#2117=CARTESIAN_POINT('',(246.916055331426,-116.921732235816,-315.848050502387));
#2118=CARTESIAN_POINT('Origin',(246.916055331424,-115.421732235819,-315.848050502387));
#2119=CARTESIAN_POINT('',(245.855395159646,-116.482392407597,-315.848050502387));
#2120=CARTESIAN_POINT('Origin',(246.916055331424,-115.421732235819,-315.848050502387));
#2121=CARTESIAN_POINT('',(245.855395159646,-116.482392407597,-304.848050502387));
#2122=CARTESIAN_POINT('Origin',(246.916055331424,-115.421732235819,-304.848050502387));
#2123=CARTESIAN_POINT('',(245.855395159646,-116.482392407597,-315.848050502387));
#2124=CARTESIAN_POINT('Origin',(222.207994762083,-92.8349920100334,-315.848050502387));
#2125=CARTESIAN_POINT('',(222.207994762083,-92.8349920100334,-315.848050502387));
#2126=CARTESIAN_POINT('',(245.855395159647,-116.482392407597,-315.848050502387));
#2127=CARTESIAN_POINT('',(222.207994762083,-92.8349920100334,-304.848050502387));
#2128=CARTESIAN_POINT('',(245.855395159647,-116.482392407597,-304.848050502387));
#2129=CARTESIAN_POINT('',(222.207994762083,-92.8349920100334,-315.848050502387));
#2130=CARTESIAN_POINT('Origin',(223.268654933859,-91.7743318382553,-315.848050502387));
#2131=CARTESIAN_POINT('',(221.768654933863,-91.7743318382553,-315.848050502387));
#2132=CARTESIAN_POINT('Origin',(223.268654933859,-91.7743318382553,-315.848050502387));
#2133=CARTESIAN_POINT('',(221.768654933863,-91.7743318382553,-304.848050502387));
#2134=CARTESIAN_POINT('Origin',(223.268654933859,-91.7743318382553,-304.848050502387));
#2135=CARTESIAN_POINT('',(221.768654933863,-91.7743318382553,-315.848050502387));
#2136=CARTESIAN_POINT('Origin',(248.580513014892,-90.1098741522083,-304.848050502387));
#2137=CARTESIAN_POINT('',(246.916055431253,-63.2980160711792,-304.848050502387));
#2138=CARTESIAN_POINT('',(245.855395157067,-63.7373558993994,-304.848050502387));
#2139=CARTESIAN_POINT('Origin',(246.916055328845,-64.798016071175,-304.848050502387));
#2140=CARTESIAN_POINT('',(222.207994759504,-87.3847562969623,-304.848050502387));
#2141=CARTESIAN_POINT('',(222.207994759503,-87.3847562969628,-304.848050502387));
#2142=CARTESIAN_POINT('',(221.768654931284,-88.4454164687405,-304.848050502387));
#2143=CARTESIAN_POINT('Origin',(223.268654931282,-88.4454164687405,-304.848050502387));
#2144=CARTESIAN_POINT('',(221.768654931284,-90.1098741522083,-304.848050502387));
#2145=CARTESIAN_POINT('',(248.580513014892,-63.2980160686003,-304.848050502387));
#2146=CARTESIAN_POINT('',(226.660202757666,-88.4598741525816,-304.848050502387));
#2147=CARTESIAN_POINT('Origin',(226.660202798109,-90.1098741525805,-304.848050502387));
#2148=CARTESIAN_POINT('',(246.930513012684,-68.1895638975622,-304.848050502387));
#2149=CARTESIAN_POINT('Origin',(248.580513012684,-68.1895639380048,-304.848050502387));
#2150=CARTESIAN_POINT('',(248.580512974821,-110.380184368992,-304.848050502387));
#2151=CARTESIAN_POINT('Origin',(248.580513015264,-112.030184368991,-304.848050502387));
#2152=CARTESIAN_POINT('',(248.580512708508,-77.6098741522095,-304.848050502384));
#2153=CARTESIAN_POINT('Origin',(248.580513014892,-90.1098741522083,-304.848050502387));
#2154=CARTESIAN_POINT('',(268.850823229095,-90.1098741147173,-304.848050502387));
#2155=CARTESIAN_POINT('Origin',(270.500823229095,-90.1098741551599,-304.848050502387));
#2156=CARTESIAN_POINT('Origin',(248.580513015265,-112.03018436899,-329.448050502389));
#2157=CARTESIAN_POINT('',(248.580513015265,-108.78018436899,-329.448050502389));
#2158=CARTESIAN_POINT('',(248.580513015265,-108.78018436899,-329.448050502389));
#2159=CARTESIAN_POINT('Origin',(248.580513015265,-112.03018436899,-329.448050502373));
#2160=CARTESIAN_POINT('Origin',(226.66020279811,-90.1098741525791,-329.448050502389));
#2161=CARTESIAN_POINT('',(226.66020279811,-86.8598741525791,-329.448050502389));
#2162=CARTESIAN_POINT('',(226.66020279811,-86.8598741525791,-329.448050502389));
#2163=CARTESIAN_POINT('Origin',(226.66020279811,-90.1098741525791,-329.448050502373));
#2164=CARTESIAN_POINT('Origin',(248.580513014891,-90.1098741522084,-315.348050502431));
#2165=CARTESIAN_POINT('',(257.419347778434,-98.9487089183298,-315.848050502371));
#2166=CARTESIAN_POINT('',(257.419347778434,-98.9487089183292,-329.448050502371));
#2167=CARTESIAN_POINT('',(257.419347778434,-98.9487089183298,-315.348050502431));
#2168=CARTESIAN_POINT('',(239.74167824877,-81.2710393886655,-329.448050502372));
#2169=CARTESIAN_POINT('Origin',(248.580513014893,-90.1098741522069,-329.448050502371));
#2170=CARTESIAN_POINT('',(239.74167824877,-81.2710393886661,-315.848050502372));
#2171=CARTESIAN_POINT('',(239.74167824877,-81.2710393886661,-315.348050502431));
#2172=CARTESIAN_POINT('',(248.580512708509,-77.6098741547876,-315.848050502371));
#2173=CARTESIAN_POINT('Origin',(248.580513012312,-90.1098741547876,-315.848050502371));
#2174=CARTESIAN_POINT('',(248.580512708509,-77.6098741522084,-315.34805050243));
#2175=CARTESIAN_POINT('Origin',(248.580513012312,-90.1098741547876,-315.848050502371));
#2176=CARTESIAN_POINT('Origin',(248.580513015264,-112.030184368991,-315.848050502434));
#2177=CARTESIAN_POINT('',(248.580512974822,-110.380184368991,-315.848050502434));
#2178=CARTESIAN_POINT('Origin',(226.660202798109,-90.1098741525805,-315.848050502433));
#2179=CARTESIAN_POINT('',(226.660202757667,-88.4598741525805,-315.848050502433));
#2180=CARTESIAN_POINT('Ctrl Pts',(223.200078875247,-94.4279220392232,-315.848047328731));
#2181=CARTESIAN_POINT('Ctrl Pts',(223.200098864608,-94.4279124457034,-315.848034308668));
#2182=CARTESIAN_POINT('Ctrl Pts',(223.121790919617,-94.3495198167424,-315.847970095496));
#2183=CARTESIAN_POINT('Ctrl Pts',(222.540284482813,-93.7679716942916,-315.847787988918));
#2184=CARTESIAN_POINT('Ctrl Pts',(221.849672127671,-93.0774720715755,-315.847672506458));
#2185=CARTESIAN_POINT('Ctrl Pts',(221.378561302729,-92.6064605045301,-315.847619066735));
#2186=CARTESIAN_POINT('Ctrl Pts',(223.411716891209,-94.6395286611063,-315.848063432099));
#2187=CARTESIAN_POINT('Ctrl Pts',(223.391860911905,-94.6593968530654,-315.867923391022));
#2188=CARTESIAN_POINT('Ctrl Pts',(223.262892436013,-94.6342988331459,-315.946687707385));
#2189=CARTESIAN_POINT('Ctrl Pts',(222.666491762532,-94.0890090205929,-316.170063311561));
#2190=CARTESIAN_POINT('Ctrl Pts',(222.060001798624,-93.3442134594322,-316.311708719018));
#2191=CARTESIAN_POINT('Ctrl Pts',(221.662629354398,-92.8250720314987,-316.377248897754));
#2192=CARTESIAN_POINT('Ctrl Pts',(223.749744618709,-95.0420020394575,-315.783577322367));
#2193=CARTESIAN_POINT('Ctrl Pts',(223.692068672298,-95.0996898102117,-315.841254191613));
#2194=CARTESIAN_POINT('Ctrl Pts',(223.462691677887,-95.1798989995678,-316.058989317141));
#2195=CARTESIAN_POINT('Ctrl Pts',(222.771805573148,-94.7660408579073,-316.66081746562));
#2196=CARTESIAN_POINT('Ctrl Pts',(222.225481528376,-94.0130680125325,-317.092130364102));
#2197=CARTESIAN_POINT('Ctrl Pts',(221.897012932038,-93.4677753492255,-317.333568172207));
#2198=CARTESIAN_POINT('Ctrl Pts',(224.005248522335,-95.469583376785,-315.61145691132));
#2199=CARTESIAN_POINT('Ctrl Pts',(223.907399423979,-95.5674445845408,-315.70930601961));
#2200=CARTESIAN_POINT('Ctrl Pts',(223.558541367288,-95.7635387877089,-316.058038746349));
#2201=CARTESIAN_POINT('Ctrl Pts',(222.653955314427,-95.5359797684031,-316.962673808848));
#2202=CARTESIAN_POINT('Ctrl Pts',(221.993691226729,-94.8568193970517,-317.622668397126));
#2203=CARTESIAN_POINT('Ctrl Pts',(221.597692998444,-94.3444620212112,-318.019012544533));
#2204=CARTESIAN_POINT('Ctrl Pts',(224.096865362788,-95.6527986427444,-315.519840070869));
#2205=CARTESIAN_POINT('Ctrl Pts',(223.981803052049,-95.7678733747745,-315.634902381608));
#2206=CARTESIAN_POINT('Ctrl Pts',(223.579321919869,-96.0136560787508,-316.037383513788));
#2207=CARTESIAN_POINT('Ctrl Pts',(222.564054744006,-95.865886098306,-317.05265068965));
#2208=CARTESIAN_POINT('Ctrl Pts',(221.830510317032,-95.2183428437669,-317.786195116624));
#2209=CARTESIAN_POINT('Ctrl Pts',(221.386806913722,-94.7199447153081,-318.229898519934));
#2210=CARTESIAN_POINT('',(221.768654931283,-95.1174232068281,-317.848050478841));
#2211=CARTESIAN_POINT('',(221.768654931284,-92.9965008788416,-315.848050502373));
#2212=CARTESIAN_POINT('Ctrl Pts',(221.768654931283,-95.1173292647668,-317.848050431776));
#2213=CARTESIAN_POINT('Ctrl Pts',(221.768654931283,-94.9395462407541,-317.847978169212));
#2214=CARTESIAN_POINT('Ctrl Pts',(221.768654931283,-94.7610249496283,-317.832402208459));
#2215=CARTESIAN_POINT('Ctrl Pts',(221.768654931283,-94.4068219298407,-317.763968604507));
#2216=CARTESIAN_POINT('Ctrl Pts',(221.768654931283,-94.2303670966842,-317.709770217291));
#2217=CARTESIAN_POINT('Ctrl Pts',(221.768654931283,-93.8995358651732,-317.556365308621));
#2218=CARTESIAN_POINT('Ctrl Pts',(221.768654931282,-93.7068129191038,-317.440833815569));
#2219=CARTESIAN_POINT('Ctrl Pts',(221.768654931282,-93.3884510118136,-317.107893997452));
#2220=CARTESIAN_POINT('Ctrl Pts',(221.768654931283,-93.2786167176109,-316.937903116458));
#2221=CARTESIAN_POINT('Ctrl Pts',(221.768654931283,-93.0716343174405,-316.467207653902));
#2222=CARTESIAN_POINT('Ctrl Pts',(221.768654931283,-93.0153594455601,-316.156879114769));
#2223=CARTESIAN_POINT('Ctrl Pts',(221.768654931282,-92.9965008788408,-315.848050502373));
#2224=CARTESIAN_POINT('',(223.768633268766,-95.8748944866175,-315.848072164891));
#2225=CARTESIAN_POINT('Ctrl Pts',(223.768597921046,-95.8749093499459,-315.84810751261));
#2226=CARTESIAN_POINT('Ctrl Pts',(223.749114688614,-95.8831011070188,-315.867590745042));
#2227=CARTESIAN_POINT('Ctrl Pts',(223.454988861555,-95.9955596662671,-316.161716572101));
#2228=CARTESIAN_POINT('Ctrl Pts',(222.725734733707,-95.8894182773072,-316.890970699949));
#2229=CARTESIAN_POINT('Ctrl Pts',(222.107800821928,-95.4409787286306,-317.508904611728));
#2230=CARTESIAN_POINT('Ctrl Pts',(221.768654931283,-95.1175171494996,-317.848050502373));
#2231=CARTESIAN_POINT('',(223.20025025213,-94.4280933990151,-315.848047334012));
#2232=CARTESIAN_POINT('Ctrl Pts',(223.20025025213,-94.4280933990151,-315.848047334012));
#2233=CARTESIAN_POINT('Ctrl Pts',(223.213863051626,-94.4417058276389,-315.848047339077));
#2234=CARTESIAN_POINT('Ctrl Pts',(223.22738289438,-94.4556955236847,-315.848050502373));
#2235=CARTESIAN_POINT('Ctrl Pts',(223.40178393872,-94.6421485590238,-315.848050502373));
#2236=CARTESIAN_POINT('Ctrl Pts',(223.535051974942,-94.8543334830116,-315.848050502799));
#2237=CARTESIAN_POINT('Ctrl Pts',(223.722591299367,-95.3434606914356,-315.848050502799));
#2238=CARTESIAN_POINT('Ctrl Pts',(223.768594700732,-95.6090893301569,-315.848050502373));
#2239=CARTESIAN_POINT('Ctrl Pts',(223.768654931284,-95.8748853777661,-315.848050502373));
#2240=CARTESIAN_POINT('',(229.288729887093,-100.516575834395,-315.848050502373));
#2241=CARTESIAN_POINT('Origin',(222.768654931283,-90.0733057906243,-316.848050502373));
#2242=CARTESIAN_POINT('',(221.768654931283,-98.7814470290855,-317.848050502377));
#2243=CARTESIAN_POINT('',(221.768654931283,-90.0733057906243,-317.848050502373));
#2244=CARTESIAN_POINT('',(223.768654931283,-98.7814470290855,-315.848050502373));
#2245=CARTESIAN_POINT('',(221.768654931283,-98.7814470290855,-317.848050502377));
#2246=CARTESIAN_POINT('',(223.768654931284,-90.0733057906243,-315.848050502373));
#2247=CARTESIAN_POINT('Origin',(221.66696085357,-109.609874153831,-315.848050502391));
#2248=CARTESIAN_POINT('',(221.666960853571,-111.25987415383,-329.448050502391));
#2249=CARTESIAN_POINT('Origin',(221.666960853571,-109.60987415383,-329.448050502374));
#2250=CARTESIAN_POINT('',(221.666960853571,-111.259874153831,-321.848050502391));
#2251=CARTESIAN_POINT('',(221.66696085357,-111.259874153831,-315.848050502391));
#2252=CARTESIAN_POINT('Origin',(221.666960853571,-109.609874153831,-321.848050502391));
#2253=CARTESIAN_POINT('Origin',(221.66696085357,-109.609874153831,-315.848050502391));
#2254=CARTESIAN_POINT('',(221.666960853571,-112.859874153831,-321.848050502391));
#2255=CARTESIAN_POINT('Origin',(221.666960853571,-109.609874153831,-321.848050502391));
#2256=CARTESIAN_POINT('',(221.66696085357,-112.859874153831,-315.848050502391));
#2257=CARTESIAN_POINT('',(221.66696085357,-112.859874153831,-315.848050502391));
#2258=CARTESIAN_POINT('Origin',(221.66696085357,-109.609874153831,-315.848050502374));
#2259=CARTESIAN_POINT('Origin',(221.666960853571,-109.609874153831,-321.848050502391));
#2260=CARTESIAN_POINT('Origin',(246.421555328847,-119.609874153832,-320.862950502389));
#2261=CARTESIAN_POINT('',(213.768654931283,-119.609874153831,-315.848050502374));
#2262=CARTESIAN_POINT('',(211.768654931283,-119.609874153832,-317.848050502374));
#2263=CARTESIAN_POINT('',(220.178155030669,-119.609874153834,-309.438550402987));
#2264=CARTESIAN_POINT('',(211.768654931284,-119.609874153831,-328.248050502374));
#2265=CARTESIAN_POINT('',(211.768654931283,-119.609874153832,-318.355500502391));
#2266=CARTESIAN_POINT('',(212.968654931284,-119.609874153831,-329.448050502374));
#2267=CARTESIAN_POINT('',(218.88560503068,-119.60987415383,-335.365000601769));
#2268=CARTESIAN_POINT('',(278.080513013936,-119.609874153831,-329.448050502369));
#2269=CARTESIAN_POINT('',(248.173069650729,-119.609874153831,-329.448050502371));
#2270=CARTESIAN_POINT('',(278.080513013935,-119.609874153831,-315.848050502369));
#2271=CARTESIAN_POINT('',(278.080513013936,-119.609874153831,-329.448050502369));
#2272=CARTESIAN_POINT('',(248.173069650728,-119.609874153831,-315.848050502371));
#2273=CARTESIAN_POINT('Origin',(212.768654931283,-105.655534633168,-316.848050502374));
#2274=CARTESIAN_POINT('',(211.768654931283,-110.438301278577,-317.848050502374));
#2275=CARTESIAN_POINT('',(211.768654931283,-105.655534633168,-317.848050502374));
#2276=CARTESIAN_POINT('',(213.768654931283,-110.438301278578,-315.848050502374));
#2277=CARTESIAN_POINT('',(213.768654931283,-105.655534633168,-315.848050502374));
#2278=CARTESIAN_POINT('',(211.768654931283,-110.438301278577,-317.848050502374));
#2279=CARTESIAN_POINT('Origin',(213.768654931283,-110.438301278577,-317.848050502375));
#2280=CARTESIAN_POINT('',(212.35444136891,-109.024087716204,-317.848050502391));
#2281=CARTESIAN_POINT('',(213.768654931283,-110.438301278578,-315.848050502374));
#2282=CARTESIAN_POINT('Origin',(213.768654931283,-110.438301278577,-317.848050502375));
#2283=CARTESIAN_POINT('Origin',(213.768654931284,-110.438301278577,-328.848050502375));
#2284=CARTESIAN_POINT('',(212.354441368911,-109.024087716204,-328.248050502391));
#2285=CARTESIAN_POINT('',(213.202969506335,-109.872615853627,-329.448050502374));
#2286=CARTESIAN_POINT('',(212.354441368911,-109.024087716204,-328.248050502391));
#2287=CARTESIAN_POINT('',(212.968654931284,-110.438301278577,-329.448050502374));
#2288=CARTESIAN_POINT('Origin',(213.768654931284,-110.438301278577,-329.448050502374));
#2289=CARTESIAN_POINT('',(211.768654931284,-110.438301278577,-328.248050502376));
#2290=CARTESIAN_POINT('',(211.768654931284,-110.438301278577,-328.248050502376));
#2291=CARTESIAN_POINT('Origin',(213.768654931284,-110.438301278577,-328.248050502376));
#2292=CARTESIAN_POINT('Origin',(212.368654931284,-105.655534633168,-328.848050502374));
#2293=CARTESIAN_POINT('',(212.968654931284,-105.655534633168,-329.448050502374));
#2294=CARTESIAN_POINT('',(211.768654931284,-105.655534633168,-328.248050502374));
#2295=CARTESIAN_POINT('Origin',(211.768654931283,-119.609874153831,-315.848050502392));
#2296=CARTESIAN_POINT('',(211.768654931283,-110.438301278578,-315.848050502391));
#2297=CARTESIAN_POINT('Origin',(213.768654931283,-110.438301278578,-315.848050502391));
#2298=CARTESIAN_POINT('',(212.35444136891,-109.024087716204,-315.848050502391));
#2299=CARTESIAN_POINT('Origin',(233.666960853571,-109.609874153831,-321.84805050239));
#2300=CARTESIAN_POINT('',(233.666960853571,-112.859874153831,-321.84805050239));
#2301=CARTESIAN_POINT('Origin',(233.666960853571,-109.609874153831,-321.84805050239));
#2302=CARTESIAN_POINT('',(233.666960853571,-111.259874153831,-321.84805050239));
#2303=CARTESIAN_POINT('Origin',(233.666960853571,-109.609874153831,-321.84805050239));
#2304=CARTESIAN_POINT('Origin',(233.66696085357,-109.609874153831,-315.848050502374));
#2305=CARTESIAN_POINT('',(233.666960853571,-111.259874153831,-329.44805050239));
#2306=CARTESIAN_POINT('Origin',(233.666960853571,-109.609874153831,-329.448050502372));
#2307=CARTESIAN_POINT('',(233.66696085357,-111.259874153831,-315.848050502374));
#2308=CARTESIAN_POINT('Origin',(233.66696085357,-109.609874153831,-315.84805050239));
#2309=CARTESIAN_POINT('',(233.66696085357,-112.859874153831,-315.848050502374));
#2310=CARTESIAN_POINT('',(233.66696085357,-112.859874153831,-315.84805050239));
#2311=CARTESIAN_POINT('Origin',(233.66696085357,-109.609874153831,-315.848050502374));
#2312=CARTESIAN_POINT('Origin',(231.491913733133,-91.3008289143551,-316.848050502381));
#2313=CARTESIAN_POINT('',(221.182868493656,-100.195660591459,-317.84805050239));
#2314=CARTESIAN_POINT('',(230.784806951947,-90.5937221331685,-317.84805050239));
#2315=CARTESIAN_POINT('',(222.597082056029,-101.609874153832,-315.848050502373));
#2316=CARTESIAN_POINT('',(232.19902051432,-92.0079356955416,-315.848050502372));
#2317=CARTESIAN_POINT('',(221.182868493656,-100.195660591459,-317.84805050239));
#2318=CARTESIAN_POINT('Origin',(221.768654931283,-99.6098741538315,-315.84805050239));
#2319=CARTESIAN_POINT('',(221.182868493657,-100.195660591458,-328.248050502377));
#2320=CARTESIAN_POINT('',(230.784806951947,-90.5937221331681,-328.24805050239));
#2321=CARTESIAN_POINT('',(221.182868493656,-100.195660591459,-318.355500502389));
#2322=CARTESIAN_POINT('Origin',(231.209071020659,-91.01798620188,-328.848050502381));
#2323=CARTESIAN_POINT('',(222.031396631081,-101.044188728881,-329.448050502373));
#2324=CARTESIAN_POINT('',(231.633335089371,-91.4422502705919,-329.448050502372));
#2325=CARTESIAN_POINT('',(221.182868493657,-100.195660591458,-328.248050502377));
#2326=CARTESIAN_POINT('Origin',(223.268654931284,-88.4454164687422,-328.848050502374));
#2327=CARTESIAN_POINT('',(222.207994759504,-87.3847562969624,-328.248050502373));
#2328=CARTESIAN_POINT('',(223.056522896928,-88.2332844343861,-329.448050502373));
#2329=CARTESIAN_POINT('',(222.207994759504,-87.3847562969624,-328.248050502373));
#2330=CARTESIAN_POINT('',(222.968654931284,-88.4454164687423,-329.448050502373));
#2331=CARTESIAN_POINT('Origin',(223.268654931284,-88.4454164687422,-329.448050502373));
#2332=CARTESIAN_POINT('',(221.768654931284,-88.4454164687427,-328.248050502375));
#2333=CARTESIAN_POINT('',(221.768654931284,-88.4454164687427,-328.248050502375));
#2334=CARTESIAN_POINT('Origin',(223.268654931284,-88.4454164687422,-328.248050502374));
#2335=CARTESIAN_POINT('Origin',(223.268654931283,-88.4454164687433,-320.862950502387));
#2336=CARTESIAN_POINT('',(221.768654931284,-88.4454164687427,-329.448050502373));
#2337=CARTESIAN_POINT('',(222.207994759504,-87.3847562969634,-320.862950502386));
#2338=CARTESIAN_POINT('Origin',(219.768654931283,-98.7814470290855,-316.848050502375));
#2339=CARTESIAN_POINT('Origin',(219.768654931283,-98.7814470290855,-315.848050502373));
#2340=CARTESIAN_POINT('Origin',(219.768654931283,-98.7814470290855,-317.848050502377));
#2341=CARTESIAN_POINT('Origin',(221.768654931283,-88.4454164687433,-320.862950502387));
#2342=CARTESIAN_POINT('',(221.768654931284,-90.0733057906243,-315.848050502373));
#2343=CARTESIAN_POINT('',(221.768654931284,-98.7814470290844,-328.248050502373));
#2344=CARTESIAN_POINT('',(221.768654931284,-90.0733057906244,-328.248050502373));
#2345=CARTESIAN_POINT('',(221.768654931283,-98.7814470290854,-318.355500502389));
#2346=CARTESIAN_POINT('Origin',(222.368654931284,-90.0733057906243,-328.848050502373));
#2347=CARTESIAN_POINT('',(222.968654931284,-98.7814470290844,-329.448050502373));
#2348=CARTESIAN_POINT('',(222.968654931284,-90.0733057906243,-329.448050502373));
#2349=CARTESIAN_POINT('',(221.768654931284,-98.7814470290844,-328.248050502373));
#2350=CARTESIAN_POINT('Origin',(219.768654931284,-98.7814470290844,-328.848050502375));
#2351=CARTESIAN_POINT('Origin',(219.768654931284,-98.7814470290844,-329.448050502373));
#2352=CARTESIAN_POINT('Origin',(219.768654931284,-98.7814470290844,-328.248050502377));
#2353=CARTESIAN_POINT('Origin',(219.768654931283,-98.7814470290854,-318.355500502389));
#2354=CARTESIAN_POINT('Origin',(270.500823229095,-90.1098741551601,-329.448050502388));
#2355=CARTESIAN_POINT('',(267.250823229095,-90.1098741551601,-329.448050502388));
#2356=CARTESIAN_POINT('Origin',(270.500823229095,-90.1098741551601,-329.448050502371));
#2357=CARTESIAN_POINT('',(267.250823229095,-90.1098741551601,-329.448050502388));
#2358=CARTESIAN_POINT('Origin',(248.580513012684,-68.189563938005,-329.448050502388));
#2359=CARTESIAN_POINT('',(245.330513012684,-68.189563938005,-329.448050502388));
#2360=CARTESIAN_POINT('Origin',(248.580513012684,-68.189563938005,-329.448050502371));
#2361=CARTESIAN_POINT('',(245.330513012684,-68.189563938005,-329.448050502388));
#2362=CARTESIAN_POINT('Origin',(248.580513012312,-90.1098741547876,-315.348050502431));
#2363=CARTESIAN_POINT('Origin',(248.580513012312,-90.1098741547879,-329.448050502371));
#2364=CARTESIAN_POINT('Origin',(250.17183397261,-91.4539451125054,-329.448050502371));
#2365=CARTESIAN_POINT('',(246.703923294491,-64.5858840368235,-329.448050502372));
#2366=CARTESIAN_POINT('',(229.277435496319,-82.0123718349955,-329.448050502373));
#2367=CARTESIAN_POINT('',(246.916055328847,-64.4980160711795,-329.448050502372));
#2368=CARTESIAN_POINT('Origin',(246.916055328847,-64.7980160711795,-329.448050502372));
#2369=CARTESIAN_POINT('',(257.252085889189,-64.4980160711796,-329.448050502371));
#2370=CARTESIAN_POINT('',(248.543944650729,-64.4980160711796,-329.448050502371));
#2371=CARTESIAN_POINT('',(259.514827588986,-63.5607577709765,-329.448050502371));
#2372=CARTESIAN_POINT('Origin',(257.252085889189,-61.2980160711796,-329.448050502371));
#2373=CARTESIAN_POINT('',(268.343254713732,-54.7323306462301,-329.44805050237));
#2374=CARTESIAN_POINT('',(249.912889130697,-73.162696229266,-329.448050502371));
#2375=CARTESIAN_POINT('',(268.908940138682,-54.4980160711793,-329.44805050237));
#2376=CARTESIAN_POINT('Origin',(268.908940138682,-55.2980160711794,-329.44805050237));
#2377=CARTESIAN_POINT('',(278.080513013936,-54.4980160711793,-329.448050502369));
#2378=CARTESIAN_POINT('',(264.126173493273,-54.4980160711794,-329.44805050237));
#2379=CARTESIAN_POINT('',(278.080513013936,-89.702430790624,-329.448050502369));
#2380=CARTESIAN_POINT('',(269.730513013936,-109.609874153831,-329.44805050237));
#2381=CARTESIAN_POINT('Origin',(268.080513013936,-109.609874153831,-329.44805050237));
#2382=CARTESIAN_POINT('',(269.730513013936,-75.1963219934665,-329.448050502388));
#2383=CARTESIAN_POINT('Origin',(268.080513013936,-75.1963219934665,-329.44805050237));
#2384=CARTESIAN_POINT('',(269.730513013935,-63.1963219934665,-329.448050502388));
#2385=CARTESIAN_POINT('Origin',(268.080513013935,-63.1963219934665,-329.448050502371));
#2386=CARTESIAN_POINT('Origin',(270.500823229095,-90.1098741551599,-315.848050502432));
#2387=CARTESIAN_POINT('',(268.850823229095,-90.1098741147175,-315.848050502432));
#2388=CARTESIAN_POINT('Origin',(248.580513012684,-68.1895639380048,-315.848050502432));
#2389=CARTESIAN_POINT('',(246.930513012684,-68.1895638975624,-315.848050502432));
#2390=CARTESIAN_POINT('Ctrl Pts',(252.898560899337,-64.7294400151525,-315.848047328729));
#2391=CARTESIAN_POINT('Ctrl Pts',(252.898551305818,-64.7294600045127,-315.848034308667));
#2392=CARTESIAN_POINT('Ctrl Pts',(252.820158676859,-64.6511520595183,-315.847970095498));
#2393=CARTESIAN_POINT('Ctrl Pts',(252.23861055441,-64.0696456227151,-315.847787988931));
#2394=CARTESIAN_POINT('Ctrl Pts',(251.548110931692,-63.3790332675775,-315.847672506477));
#2395=CARTESIAN_POINT('Ctrl Pts',(251.077099364645,-62.9079224426388,-315.847619066759));
#2396=CARTESIAN_POINT('Ctrl Pts',(253.110167521219,-64.9410780311097,-315.848063432096));
#2397=CARTESIAN_POINT('Ctrl Pts',(253.130035713177,-64.9212220518058,-315.867923391021));
#2398=CARTESIAN_POINT('Ctrl Pts',(253.104937693259,-64.7922535759119,-315.946687707386));
#2399=CARTESIAN_POINT('Ctrl Pts',(252.559647880709,-64.1958529024297,-316.170063311568));
#2400=CARTESIAN_POINT('Ctrl Pts',(251.814852319549,-63.5893629385239,-316.311708719031));
#2401=CARTESIAN_POINT('Ctrl Pts',(251.295710891614,-63.1919904942984,-316.377248897769));
#2402=CARTESIAN_POINT('Ctrl Pts',(253.512640899568,-65.2791057586034,-315.783577322366));
#2403=CARTESIAN_POINT('Ctrl Pts',(253.570328670321,-65.2214298121933,-315.841254191613));
#2404=CARTESIAN_POINT('Ctrl Pts',(253.650537859676,-64.9920528177823,-316.058989317141));
#2405=CARTESIAN_POINT('Ctrl Pts',(253.236679718018,-64.3011667130427,-316.660817465621));
#2406=CARTESIAN_POINT('Ctrl Pts',(252.483706872644,-63.7548426682695,-317.092130364104));
#2407=CARTESIAN_POINT('Ctrl Pts',(251.938414209338,-63.4263740719312,-317.333568172211));
#2408=CARTESIAN_POINT('Ctrl Pts',(253.940222236894,-65.5346096622256,-315.611456911323));
#2409=CARTESIAN_POINT('Ctrl Pts',(254.038083444647,-65.4367605638707,-315.709306019612));
#2410=CARTESIAN_POINT('Ctrl Pts',(254.234177647813,-65.0879025071817,-316.058038746349));
#2411=CARTESIAN_POINT('Ctrl Pts',(254.006618628507,-64.1833164543234,-316.962673808846));
#2412=CARTESIAN_POINT('Ctrl Pts',(253.327458257156,-63.5230523666247,-317.622668397124));
#2413=CARTESIAN_POINT('Ctrl Pts',(252.815100881316,-63.1270541383402,-318.019012544531));
#2414=CARTESIAN_POINT('Ctrl Pts',(254.123437502854,-65.6262265026779,-315.519840070873));
#2415=CARTESIAN_POINT('Ctrl Pts',(254.238512234881,-65.5111641919396,-315.634902381611));
#2416=CARTESIAN_POINT('Ctrl Pts',(254.484294938855,-65.1086830597619,-316.037383513789));
#2417=CARTESIAN_POINT('Ctrl Pts',(254.33652495841,-64.0934158839022,-317.052650689648));
#2418=CARTESIAN_POINT('Ctrl Pts',(253.688981703871,-63.3598714569288,-317.786195116621));
#2419=CARTESIAN_POINT('Ctrl Pts',(253.190583575412,-62.9161680536184,-318.229898519931));
#2420=CARTESIAN_POINT('',(253.588062066933,-63.2980160711792,-317.848050478839));
#2421=CARTESIAN_POINT('',(251.467139738945,-63.2980160711796,-315.848050502371));
#2422=CARTESIAN_POINT('Ctrl Pts',(253.587968124872,-63.2980160711791,-317.848050431774));
#2423=CARTESIAN_POINT('Ctrl Pts',(253.410185100868,-63.2980160711791,-317.847978169209));
#2424=CARTESIAN_POINT('Ctrl Pts',(253.231663809752,-63.2980160711791,-317.832402208459));
#2425=CARTESIAN_POINT('Ctrl Pts',(252.877460789981,-63.2980160711791,-317.763968604514));
#2426=CARTESIAN_POINT('Ctrl Pts',(252.701005956833,-63.2980160711791,-317.709770217303));
#2427=CARTESIAN_POINT('Ctrl Pts',(252.370174725334,-63.2980160711791,-317.55636530865));
#2428=CARTESIAN_POINT('Ctrl Pts',(252.177451779258,-63.2980160711782,-317.440833815606));
#2429=CARTESIAN_POINT('Ctrl Pts',(251.859089871953,-63.2980160711782,-317.107893997497));
#2430=CARTESIAN_POINT('Ctrl Pts',(251.749255577744,-63.298016071179,-316.937903116506));
#2431=CARTESIAN_POINT('Ctrl Pts',(251.542273177551,-63.298016071179,-316.467207653938));
#2432=CARTESIAN_POINT('Ctrl Pts',(251.485998305665,-63.298016071179,-316.156879114786));
#2433=CARTESIAN_POINT('Ctrl Pts',(251.467139738944,-63.298016071179,-315.848050502371));
#2434=CARTESIAN_POINT('',(252.89873295928,-64.7296106918743,-315.848048918191));
#2435=CARTESIAN_POINT('',(258.987214694499,-70.8180910269888,-315.848050502371));
#2436=CARTESIAN_POINT('',(254.345533346648,-65.297994408837,-315.848072164714));
#2437=CARTESIAN_POINT('Ctrl Pts',(252.898732259114,-64.729611392021,-315.84804733401));
#2438=CARTESIAN_POINT('Ctrl Pts',(252.912344687768,-64.7432241915472,-315.848047339075));
#2439=CARTESIAN_POINT('Ctrl Pts',(252.926334383849,-64.7567440343339,-315.848050502371));
#2440=CARTESIAN_POINT('Ctrl Pts',(253.112787975808,-64.9311455992887,-315.848050502371));
#2441=CARTESIAN_POINT('Ctrl Pts',(253.3249737018,-65.0644139650283,-315.848050502795));
#2442=CARTESIAN_POINT('Ctrl Pts',(253.814101174788,-65.2519527209341,-315.848050502795));
#2443=CARTESIAN_POINT('Ctrl Pts',(254.079729003976,-65.2979558408118,-315.848050502371));
#2444=CARTESIAN_POINT('Ctrl Pts',(254.34552423787,-65.2980160711798,-315.848050502371));
#2445=CARTESIAN_POINT('Ctrl Pts',(254.34554821005,-65.2979590609426,-315.848107512608));
#2446=CARTESIAN_POINT('Ctrl Pts',(254.353739967123,-65.2784758285104,-315.86759074504));
#2447=CARTESIAN_POINT('Ctrl Pts',(254.466198526371,-64.9843500014515,-316.161716572099));
#2448=CARTESIAN_POINT('Ctrl Pts',(254.360057137411,-64.2550958736034,-316.890970699947));
#2449=CARTESIAN_POINT('Ctrl Pts',(253.911617588735,-63.6371619618238,-317.508904611726));
#2450=CARTESIAN_POINT('Ctrl Pts',(253.588156009604,-63.2980160711793,-317.848050502371));
#2451=CARTESIAN_POINT('Origin',(248.543944650728,-64.2980160711794,-316.848050502371));
#2452=CARTESIAN_POINT('',(257.252085889189,-65.2980160711791,-315.848050502371));
#2453=CARTESIAN_POINT('',(248.543944650728,-65.2980160711796,-315.848050502371));
#2454=CARTESIAN_POINT('',(257.25208588919,-63.2980160711791,-317.848050502375));
#2455=CARTESIAN_POINT('',(257.25208588919,-63.2980160711791,-317.848050502375));
#2456=CARTESIAN_POINT('',(248.543944650728,-63.2980160711791,-317.848050502371));
#2457=CARTESIAN_POINT('Origin',(268.080513013935,-63.1963219934665,-315.848050502388));
#2458=CARTESIAN_POINT('',(269.730513013935,-63.1963219934665,-321.848050502388));
#2459=CARTESIAN_POINT('Origin',(268.080513013935,-63.1963219934665,-321.848050502388));
#2460=CARTESIAN_POINT('',(269.730513013935,-63.1963219934665,-315.848050502388));
#2461=CARTESIAN_POINT('Origin',(268.080513013935,-63.1963219934665,-315.848050502388));
#2462=CARTESIAN_POINT('',(271.330513013935,-63.1963219934665,-315.848050502388));
#2463=CARTESIAN_POINT('Origin',(268.080513013935,-63.1963219934665,-315.848050502371));
#2464=CARTESIAN_POINT('',(271.330513013935,-63.1963219934665,-321.848050502388));
#2465=CARTESIAN_POINT('',(271.330513013935,-63.1963219934665,-315.848050502388));
#2466=CARTESIAN_POINT('Origin',(268.080513013935,-63.1963219934665,-321.848050502388));
#2467=CARTESIAN_POINT('Origin',(268.080513013935,-63.1963219934665,-321.848050502388));
#2468=CARTESIAN_POINT('Origin',(250.171833972609,-91.4539451125054,-315.848050502371));
#2469=CARTESIAN_POINT('',(278.080513013935,-55.2980160711793,-315.848050502369));
#2470=CARTESIAN_POINT('',(278.080513013935,-89.702430790624,-315.848050502369));
#2471=CARTESIAN_POINT('',(268.908940138681,-55.2980160711794,-315.84805050237));
#2472=CARTESIAN_POINT('',(264.126173493272,-55.2980160711794,-315.84805050237));
#2473=CARTESIAN_POINT('',(260.080513013936,-64.1264431959254,-315.848050502371));
#2474=CARTESIAN_POINT('',(250.478574555646,-73.7283816542157,-315.848050502371));
#2475=CARTESIAN_POINT('Origin',(257.252085889189,-61.2980160711791,-315.848050502371));
#2476=CARTESIAN_POINT('',(248.543944650728,-63.2980160711796,-315.848050502371));
#2477=CARTESIAN_POINT('',(271.330513013935,-109.609874153831,-315.848050502371));
#2478=CARTESIAN_POINT('Origin',(268.080513013935,-109.609874153831,-315.848050502371));
#2479=CARTESIAN_POINT('',(271.330513013935,-75.1963219934665,-315.848050502371));
#2480=CARTESIAN_POINT('Origin',(268.080513013935,-75.1963219934665,-315.848050502371));
#2481=CARTESIAN_POINT('Origin',(268.080513013935,-109.609874153831,-315.848050502371));
#2482=CARTESIAN_POINT('',(269.730513013936,-109.609874153831,-321.848050502387));
#2483=CARTESIAN_POINT('Origin',(268.080513013936,-109.609874153831,-321.848050502388));
#2484=CARTESIAN_POINT('',(269.730513013935,-109.609874153831,-315.848050502371));
#2485=CARTESIAN_POINT('Origin',(268.080513013935,-109.609874153831,-321.848050502388));
#2486=CARTESIAN_POINT('',(271.330513013935,-109.609874153831,-321.848050502388));
#2487=CARTESIAN_POINT('Origin',(268.080513013935,-109.609874153831,-321.848050502388));
#2488=CARTESIAN_POINT('Origin',(228.853171427607,-81.5881077662836,-328.848050502373));
#2489=CARTESIAN_POINT('',(245.855395157067,-63.7373558993997,-328.248050502372));
#2490=CARTESIAN_POINT('',(228.428907358895,-81.1638436975718,-328.248050502373));
#2491=CARTESIAN_POINT('',(245.855395157067,-63.7373558993997,-328.248050502372));
#2492=CARTESIAN_POINT('Origin',(278.080513013936,-87.9509164687427,-320.862950502387));
#2493=CARTESIAN_POINT('',(278.080513013936,-53.2980160711793,-317.848050502369));
#2494=CARTESIAN_POINT('',(278.080513013937,-61.7075161705655,-309.438550402983));
#2495=CARTESIAN_POINT('',(278.080513013936,-53.2980160711793,-328.248050502369));
#2496=CARTESIAN_POINT('',(278.080513013935,-60.4149661705747,-335.365000601765));
#2497=CARTESIAN_POINT('',(278.080513013936,-53.2980160711793,-318.355500502387));
#2498=CARTESIAN_POINT('Origin',(268.080513013935,-109.609874153831,-315.848050502388));
#2499=CARTESIAN_POINT('',(271.330513013935,-109.609874153831,-315.848050502388));
#2500=CARTESIAN_POINT('Origin',(264.126173493272,-54.2980160711794,-316.84805050237));
#2501=CARTESIAN_POINT('',(268.908940138681,-53.2980160711794,-317.84805050237));
#2502=CARTESIAN_POINT('',(264.126173493272,-53.2980160711794,-317.84805050237));
#2503=CARTESIAN_POINT('',(268.908940138681,-53.2980160711794,-317.84805050237));
#2504=CARTESIAN_POINT('Origin',(268.908940138681,-55.2980160711794,-317.848050502371));
#2505=CARTESIAN_POINT('',(267.494726576308,-53.8838025088063,-317.848050502387));
#2506=CARTESIAN_POINT('Origin',(268.908940138681,-55.2980160711794,-317.848050502371));
#2507=CARTESIAN_POINT('',(268.908940138681,-55.2980160711794,-315.84805050237));
#2508=CARTESIAN_POINT('Origin',(268.908940138682,-55.2980160711794,-328.848050502371));
#2509=CARTESIAN_POINT('',(267.494726576308,-53.8838025088063,-328.248050502387));
#2510=CARTESIAN_POINT('',(267.494726576308,-53.8838025088063,-328.248050502387));
#2511=CARTESIAN_POINT('',(268.908940138681,-53.2980160711794,-328.248050502373));
#2512=CARTESIAN_POINT('Origin',(268.908940138681,-55.2980160711794,-328.248050502373));
#2513=CARTESIAN_POINT('',(268.908940138681,-53.2980160711794,-328.248050502373));
#2514=CARTESIAN_POINT('Origin',(264.126173493273,-53.8980160711794,-328.84805050237));
#2515=CARTESIAN_POINT('',(264.126173493273,-53.2980160711794,-328.24805050237));
#2516=CARTESIAN_POINT('Origin',(278.080513013935,-53.2980160711793,-315.848050502388));
#2517=CARTESIAN_POINT('',(268.908940138681,-53.2980160711794,-315.848050502388));
#2518=CARTESIAN_POINT('Origin',(268.908940138681,-55.2980160711794,-315.848050502388));
#2519=CARTESIAN_POINT('',(267.494726576308,-53.8838025088063,-315.848050502388));
#2520=CARTESIAN_POINT('Origin',(268.080513013935,-75.1963219934665,-321.848050502388));
#2521=CARTESIAN_POINT('',(271.330513013935,-75.1963219934665,-321.848050502388));
#2522=CARTESIAN_POINT('Origin',(268.080513013935,-75.1963219934665,-321.848050502388));
#2523=CARTESIAN_POINT('',(269.730513013935,-75.1963219934665,-321.848050502388));
#2524=CARTESIAN_POINT('Origin',(268.080513013936,-75.1963219934665,-321.848050502388));
#2525=CARTESIAN_POINT('Origin',(268.080513013935,-75.1963219934665,-315.848050502371));
#2526=CARTESIAN_POINT('',(269.730513013935,-75.1963219934665,-315.848050502371));
#2527=CARTESIAN_POINT('Origin',(268.080513013935,-75.1963219934665,-315.848050502388));
#2528=CARTESIAN_POINT('',(271.330513013935,-75.1963219934665,-315.848050502388));
#2529=CARTESIAN_POINT('Origin',(249.771467774459,-73.0212748730291,-316.84805050238));
#2530=CARTESIAN_POINT('',(258.666299451563,-62.7122296335522,-317.848050502388));
#2531=CARTESIAN_POINT('',(249.064360993272,-72.3141680918425,-317.848050502388));
#2532=CARTESIAN_POINT('',(258.666299451563,-62.7122296335522,-317.848050502388));
#2533=CARTESIAN_POINT('Origin',(258.080513013935,-63.2980160711795,-315.848050502388));
#2534=CARTESIAN_POINT('',(258.666299451562,-62.7122296335526,-328.248050502375));
#2535=CARTESIAN_POINT('',(249.064360993273,-72.3141680918422,-328.248050502389));
#2536=CARTESIAN_POINT('',(258.666299451563,-62.7122296335522,-318.355500502387));
#2537=CARTESIAN_POINT('Origin',(249.488625061985,-72.7384321605541,-328.84805050238));
#2538=CARTESIAN_POINT('',(258.666299451562,-62.7122296335526,-328.248050502375));
#2539=CARTESIAN_POINT('Origin',(246.916055328847,-64.7980160711795,-328.848050502372));
#2540=CARTESIAN_POINT('',(246.916055328847,-63.2980160711792,-328.248050502373));
#2541=CARTESIAN_POINT('Origin',(246.916055328847,-64.7980160711795,-328.248050502373));
#2542=CARTESIAN_POINT('',(246.916055328847,-63.2980160711792,-328.248050502373));
#2543=CARTESIAN_POINT('Origin',(246.916055328847,-64.7980160711792,-320.862950502385));
#2544=CARTESIAN_POINT('',(245.855395157068,-63.7373558993994,-320.862950502385));
#2545=CARTESIAN_POINT('',(246.916055328847,-63.2980160711792,-315.848050502372));
#2546=CARTESIAN_POINT('',(246.916055431253,-63.2980160711792,-315.848050502387));
#2547=CARTESIAN_POINT('',(246.916055328847,-63.2980160711792,-329.448050502372));
#2548=CARTESIAN_POINT('Origin',(257.252085889189,-61.2980160711791,-316.848050502373));
#2549=CARTESIAN_POINT('Origin',(257.25208588919,-61.2980160711791,-317.848050502375));
#2550=CARTESIAN_POINT('Origin',(246.916055328847,-63.2980160711792,-320.862950502385));
#2551=CARTESIAN_POINT('',(257.252085889189,-63.2980160711795,-328.248050502371));
#2552=CARTESIAN_POINT('',(257.252085889189,-63.2980160711791,-318.355500502387));
#2553=CARTESIAN_POINT('',(248.543944650729,-63.2980160711795,-328.248050502371));
#2554=CARTESIAN_POINT('Origin',(248.543944650729,-63.8980160711796,-328.848050502371));
#2555=CARTESIAN_POINT('',(257.252085889189,-63.2980160711795,-328.248050502371));
#2556=CARTESIAN_POINT('Origin',(257.252085889189,-61.2980160711796,-328.848050502373));
#2557=CARTESIAN_POINT('Origin',(257.252085889189,-61.2980160711796,-328.248050502375));
#2558=CARTESIAN_POINT('Origin',(257.252085889189,-61.2980160711791,-318.355500502387));
#2559=CARTESIAN_POINT('Origin',(222.702494759504,-86.8902562969629,-320.862950502382));
#2560=UNCERTAINTY_MEASURE_WITH_UNIT(LENGTH_MEASURE(0.01),#2564,
'DISTANCE_ACCURACY_VALUE',
'Maximum model space distance between geometric entities at asserted c
onnectivities');
#2561=UNCERTAINTY_MEASURE_WITH_UNIT(LENGTH_MEASURE(0.01),#2564,
'DISTANCE_ACCURACY_VALUE',
'Maximum model space distance between geometric entities at asserted c
onnectivities');
#2562=(
GEOMETRIC_REPRESENTATION_CONTEXT(3)
GLOBAL_UNCERTAINTY_ASSIGNED_CONTEXT((#2560))
GLOBAL_UNIT_ASSIGNED_CONTEXT((#2564,#2566,#2567))
REPRESENTATION_CONTEXT('','3D')
);
#2563=(
GEOMETRIC_REPRESENTATION_CONTEXT(3)
GLOBAL_UNCERTAINTY_ASSIGNED_CONTEXT((#2561))
GLOBAL_UNIT_ASSIGNED_CONTEXT((#2564,#2566,#2567))
REPRESENTATION_CONTEXT('','3D')
);
#2564=(
LENGTH_UNIT()
NAMED_UNIT(*)
SI_UNIT(.MILLI.,.METRE.)
);
#2565=(
LENGTH_UNIT()
NAMED_UNIT(*)
SI_UNIT($,.METRE.)
);
#2566=(
NAMED_UNIT(*)
PLANE_ANGLE_UNIT()
SI_UNIT($,.RADIAN.)
);
#2567=(
NAMED_UNIT(*)
SI_UNIT($,.STERADIAN.)
SOLID_ANGLE_UNIT()
);
#2568=SHAPE_DEFINITION_REPRESENTATION(#2569,#2570);
#2569=PRODUCT_DEFINITION_SHAPE('',$,#2572);
#2570=SHAPE_REPRESENTATION('',(#1461),#2562);
#2571=PRODUCT_DEFINITION_CONTEXT('part definition',#2576,'design');
#2572=PRODUCT_DEFINITION('plastic plate',
'new new belt assembly_plastic plate v1 (1) (1) v1',#2573,#2571);
#2573=PRODUCT_DEFINITION_FORMATION('',$,#2578);
#2574=PRODUCT_RELATED_PRODUCT_CATEGORY(
'new new belt assembly_plastic plate v1 (1) (1) v1',
'new new belt assembly_plastic plate v1 (1) (1) v1',(#2578));
#2575=APPLICATION_PROTOCOL_DEFINITION('international standard',
'automotive_design',2009,#2576);
#2576=APPLICATION_CONTEXT(
'Core Data for Automotive Mechanical Design Process');
#2577=PRODUCT_CONTEXT('part definition',#2576,'mechanical');
#2578=PRODUCT('plastic plate',
'new new belt assembly_plastic plate v1 (1) (1) v1',$,(#2577));
#2579=PRESENTATION_STYLE_ASSIGNMENT((#2581));
#2580=PRESENTATION_STYLE_ASSIGNMENT((#2582));
#2581=SURFACE_STYLE_USAGE(.BOTH.,#2583);
#2582=SURFACE_STYLE_USAGE(.BOTH.,#2584);
#2583=SURFACE_SIDE_STYLE('',(#2585));
#2584=SURFACE_SIDE_STYLE('',(#2586));
#2585=SURFACE_STYLE_FILL_AREA(#2587);
#2586=SURFACE_STYLE_FILL_AREA(#2588);
#2587=FILL_AREA_STYLE('Plate',(#2589));
#2588=FILL_AREA_STYLE('ACENT PRINTED',(#2590));
#2589=FILL_AREA_STYLE_COLOUR('Plate',#2591);
#2590=FILL_AREA_STYLE_COLOUR('ACENT PRINTED',#2592);
#2591=COLOUR_RGB('Plate',0.6,0.6,0.6);
#2592=COLOUR_RGB('ACENT PRINTED',0.00784313725490196,0.76078431372549,0.76078431372549);
ENDSEC;
END-ISO-10303-21;
